site	gene	allele	aa	ref_aa	change	n_variat	variat
P114	A	A*29:01	R	R	0	4	R,H,Q,E
P114	A	A*03:02	R	R	0	4	R,H,Q,E
P114	A	A*23:01	H	R	1	4	R,H,Q,E
P114	A	A*24:02	H	R	1	4	R,H,Q,E
P114	A	A*33:01	Q	R	1	4	R,H,Q,E
P114	A	A*03:01	R	R	0	4	R,H,Q,E
P114	A	A*26:01	Q	R	1	4	R,H,Q,E
P114	A	A*33:03	Q	R	1	4	R,H,Q,E
P114	A	A*32:01	Q	R	1	4	R,H,Q,E
P114	A	A*31:01	Q	R	1	4	R,H,Q,E
P114	A	A*68:01	R	R	0	4	R,H,Q,E
P114	A	A*02:01	H	R	1	4	R,H,Q,E
P114	A	A*02:05	H	R	1	4	R,H,Q,E
P114	A	A*25:01	Q	R	1	4	R,H,Q,E
P114	A	A*66:01	Q	R	1	4	R,H,Q,E
P114	A	A*02:06	H	R	1	4	R,H,Q,E
P114	A	A*24:03	H	R	1	4	R,H,Q,E
P114	A	A*01:01	R	R	0	4	R,H,Q,E
P114	A	A*11:01	R	R	0	4	R,H,Q,E
P114	A	A*68:02	H	R	1	4	R,H,Q,E
P114	A	A*30:01	E	R	1	4	R,H,Q,E
P114	A	A*29:02	R	R	0	4	R,H,Q,E
P114	A	A*34:01	Q	R	1	4	R,H,Q,E
P114	A	A*30:02	E	R	1	4	R,H,Q,E
P116	A	A*26:01	D	D	0	3	D,Y,H
P116	A	A*24:02	Y	D	1	3	D,Y,H
P116	A	A*03:01	D	D	0	3	D,Y,H
P116	A	A*11:01	D	D	0	3	D,Y,H
P116	A	A*24:03	Y	D	1	3	D,Y,H
P116	A	A*03:02	D	D	0	3	D,Y,H
P116	A	A*33:01	D	D	0	3	D,Y,H
P116	A	A*31:01	D	D	0	3	D,Y,H
P116	A	A*02:06	Y	D	1	3	D,Y,H
P116	A	A*23:01	Y	D	1	3	D,Y,H
P116	A	A*32:01	D	D	0	3	D,Y,H
P116	A	A*29:01	D	D	0	3	D,Y,H
P116	A	A*02:01	Y	D	1	3	D,Y,H
P116	A	A*30:02	H	D	1	3	D,Y,H
P116	A	A*68:02	Y	D	1	3	D,Y,H
P116	A	A*33:03	D	D	0	3	D,Y,H
P116	A	A*29:02	D	D	0	3	D,Y,H
P116	A	A*34:01	D	D	0	3	D,Y,H
P116	A	A*66:01	D	D	0	3	D,Y,H
P116	A	A*25:01	D	D	0	3	D,Y,H
P116	A	A*30:01	H	D	1	3	D,Y,H
P116	A	A*01:01	D	D	0	3	D,Y,H
P116	A	A*68:01	D	D	0	3	D,Y,H
P116	A	A*02:05	Y	D	1	3	D,Y,H
P152	A	A*68:02	V	A	1	5	V,E,A,R,W
P152	A	A*25:01	E	A	1	5	V,E,A,R,W
P152	A	A*02:05	V	A	1	5	V,E,A,R,W
P152	A	A*01:01	A	A	0	5	V,E,A,R,W
P152	A	A*29:01	V	A	1	5	V,E,A,R,W
P152	A	A*32:01	V	A	1	5	V,E,A,R,W
P152	A	A*23:01	V	A	1	5	V,E,A,R,W
P152	A	A*31:01	V	A	1	5	V,E,A,R,W
P152	A	A*26:01	E	A	1	5	V,E,A,R,W
P152	A	A*24:03	V	A	1	5	V,E,A,R,W
P152	A	A*03:02	V	A	1	5	V,E,A,R,W
P152	A	A*24:02	V	A	1	5	V,E,A,R,W
P152	A	A*29:02	V	A	1	5	V,E,A,R,W
P152	A	A*02:01	V	A	1	5	V,E,A,R,W
P152	A	A*68:01	V	A	1	5	V,E,A,R,W
P152	A	A*66:01	E	A	1	5	V,E,A,R,W
P152	A	A*03:01	E	A	1	5	V,E,A,R,W
P152	A	A*11:01	A	A	0	5	V,E,A,R,W
P152	A	A*02:06	V	A	1	5	V,E,A,R,W
P152	A	A*30:02	R	A	1	5	V,E,A,R,W
P152	A	A*34:01	E	A	1	5	V,E,A,R,W
P152	A	A*33:01	V	A	1	5	V,E,A,R,W
P152	A	A*33:03	V	A	1	5	V,E,A,R,W
P152	A	A*30:01	W	A	1	5	V,E,A,R,W
P156	A	A*29:02	L	R	1	4	L,W,R,Q
P156	A	A*26:01	W	R	1	4	L,W,R,Q
P156	A	A*23:01	L	R	1	4	L,W,R,Q
P156	A	A*29:01	L	R	1	4	L,W,R,Q
P156	A	A*32:01	L	R	1	4	L,W,R,Q
P156	A	A*01:01	R	R	0	4	L,W,R,Q
P156	A	A*34:01	W	R	1	4	L,W,R,Q
P156	A	A*68:01	W	R	1	4	L,W,R,Q
P156	A	A*66:01	W	R	1	4	L,W,R,Q
P156	A	A*68:02	W	R	1	4	L,W,R,Q
P156	A	A*33:01	L	R	1	4	L,W,R,Q
P156	A	A*02:01	L	R	1	4	L,W,R,Q
P156	A	A*03:02	Q	R	1	4	L,W,R,Q
P156	A	A*33:03	L	R	1	4	L,W,R,Q
P156	A	A*24:02	Q	R	1	4	L,W,R,Q
P156	A	A*31:01	L	R	1	4	L,W,R,Q
P156	A	A*30:01	L	R	1	4	L,W,R,Q
P156	A	A*30:02	L	R	1	4	L,W,R,Q
P156	A	A*02:05	W	R	1	4	L,W,R,Q
P156	A	A*03:01	L	R	1	4	L,W,R,Q
P156	A	A*11:01	Q	R	1	4	L,W,R,Q
P156	A	A*24:03	Q	R	1	4	L,W,R,Q
P156	A	A*02:06	L	R	1	4	L,W,R,Q
P156	A	A*25:01	W	R	1	4	L,W,R,Q
P62	A	A*68:01	R	Q	1	5	R,Q,L,E,G
P62	A	A*31:01	Q	Q	0	5	R,Q,L,E,G
P62	A	A*26:01	R	Q	1	5	R,Q,L,E,G
P62	A	A*34:01	R	Q	1	5	R,Q,L,E,G
P62	A	A*68:02	R	Q	1	5	R,Q,L,E,G
P62	A	A*30:01	Q	Q	0	5	R,Q,L,E,G
P62	A	A*33:01	R	Q	1	5	R,Q,L,E,G
P62	A	A*33:03	R	Q	1	5	R,Q,L,E,G
P62	A	A*01:01	Q	Q	0	5	R,Q,L,E,G
P62	A	A*03:01	Q	Q	0	5	R,Q,L,E,G
P62	A	A*32:01	Q	Q	0	5	R,Q,L,E,G
P62	A	A*29:02	L	Q	1	5	R,Q,L,E,G
P62	A	A*30:02	Q	Q	0	5	R,Q,L,E,G
P62	A	A*24:03	E	Q	1	5	R,Q,L,E,G
P62	A	A*29:01	L	Q	1	5	R,Q,L,E,G
P62	A	A*66:01	R	Q	1	5	R,Q,L,E,G
P62	A	A*02:05	G	Q	1	5	R,Q,L,E,G
P62	A	A*24:02	E	Q	1	5	R,Q,L,E,G
P62	A	A*02:01	G	Q	1	5	R,Q,L,E,G
P62	A	A*02:06	G	Q	1	5	R,Q,L,E,G
P62	A	A*03:02	Q	Q	0	5	R,Q,L,E,G
P62	A	A*11:01	Q	Q	0	5	R,Q,L,E,G
P62	A	A*23:01	E	Q	1	5	R,Q,L,E,G
P62	A	A*25:01	R	Q	1	5	R,Q,L,E,G
P63	A	A*34:01	N	E	1	3	N,E,Q
P63	A	A*31:01	E	E	0	3	N,E,Q
P63	A	A*33:01	N	E	1	3	N,E,Q
P63	A	A*68:02	N	E	1	3	N,E,Q
P63	A	A*03:01	E	E	0	3	N,E,Q
P63	A	A*33:03	N	E	1	3	N,E,Q
P63	A	A*29:02	Q	E	1	3	N,E,Q
P63	A	A*26:01	N	E	1	3	N,E,Q
P63	A	A*11:01	E	E	0	3	N,E,Q
P63	A	A*32:01	E	E	0	3	N,E,Q
P63	A	A*68:01	N	E	1	3	N,E,Q
P63	A	A*02:05	E	E	0	3	N,E,Q
P63	A	A*24:02	E	E	0	3	N,E,Q
P63	A	A*30:01	E	E	0	3	N,E,Q
P63	A	A*23:01	E	E	0	3	N,E,Q
P63	A	A*30:02	E	E	0	3	N,E,Q
P63	A	A*24:03	E	E	0	3	N,E,Q
P63	A	A*02:01	E	E	0	3	N,E,Q
P63	A	A*66:01	N	E	1	3	N,E,Q
P63	A	A*29:01	Q	E	1	3	N,E,Q
P63	A	A*01:01	E	E	0	3	N,E,Q
P63	A	A*25:01	N	E	1	3	N,E,Q
P63	A	A*02:06	E	E	0	3	N,E,Q
P63	A	A*03:02	E	E	0	3	N,E,Q
P76	A	A*24:02	E	A	1	3	E,A,V
P76	A	A*01:01	A	A	0	3	E,A,V
P76	A	A*29:02	A	A	0	3	E,A,V
P76	A	A*02:01	V	A	1	3	E,A,V
P76	A	A*29:01	A	A	0	3	E,A,V
P76	A	A*25:01	E	A	1	3	E,A,V
P76	A	A*03:01	V	A	1	3	E,A,V
P76	A	A*02:06	V	A	1	3	E,A,V
P76	A	A*03:02	V	A	1	3	E,A,V
P76	A	A*23:01	E	A	1	3	E,A,V
P76	A	A*26:01	A	A	0	3	E,A,V
P76	A	A*24:03	E	A	1	3	E,A,V
P76	A	A*66:01	V	A	1	3	E,A,V
P76	A	A*33:01	V	A	1	3	E,A,V
P76	A	A*11:01	V	A	1	3	E,A,V
P76	A	A*34:01	V	A	1	3	E,A,V
P76	A	A*32:01	E	A	1	3	E,A,V
P76	A	A*33:03	V	A	1	3	E,A,V
P76	A	A*31:01	V	A	1	3	E,A,V
P76	A	A*30:02	E	A	1	3	E,A,V
P76	A	A*68:01	V	A	1	3	E,A,V
P76	A	A*02:05	V	A	1	3	E,A,V
P76	A	A*68:02	V	A	1	3	E,A,V
P76	A	A*30:01	V	A	1	3	E,A,V
P77	A	A*29:01	N	N	0	3	N,S,D
P77	A	A*25:01	S	N	1	3	N,S,D
P77	A	A*29:02	N	N	0	3	N,S,D
P77	A	A*23:01	N	N	0	3	N,S,D
P77	A	A*34:01	D	N	1	3	N,S,D
P77	A	A*03:01	D	N	1	3	N,S,D
P77	A	A*03:02	D	N	1	3	N,S,D
P77	A	A*33:03	D	N	1	3	N,S,D
P77	A	A*30:01	D	N	1	3	N,S,D
P77	A	A*02:06	D	N	1	3	N,S,D
P77	A	A*26:01	N	N	0	3	N,S,D
P77	A	A*02:01	D	N	1	3	N,S,D
P77	A	A*31:01	D	N	1	3	N,S,D
P77	A	A*68:01	D	N	1	3	N,S,D
P77	A	A*11:01	D	N	1	3	N,S,D
P77	A	A*24:02	N	N	0	3	N,S,D
P77	A	A*01:01	N	N	0	3	N,S,D
P77	A	A*30:02	N	N	0	3	N,S,D
P77	A	A*32:01	S	N	1	3	N,S,D
P77	A	A*66:01	D	N	1	3	N,S,D
P77	A	A*33:01	D	N	1	3	N,S,D
P77	A	A*24:03	N	N	0	3	N,S,D
P77	A	A*68:02	D	N	1	3	N,S,D
P77	A	A*02:05	D	N	1	3	N,S,D
P9	A	A*66:01	Y	F	1	4	Y,F,S,T
P9	A	A*02:05	Y	F	1	4	Y,F,S,T
P9	A	A*32:01	F	F	0	4	Y,F,S,T
P9	A	A*68:01	Y	F	1	4	Y,F,S,T
P9	A	A*26:01	Y	F	1	4	Y,F,S,T
P9	A	A*03:02	F	F	0	4	Y,F,S,T
P9	A	A*02:06	Y	F	1	4	Y,F,S,T
P9	A	A*03:01	F	F	0	4	Y,F,S,T
P9	A	A*24:02	S	F	1	4	Y,F,S,T
P9	A	A*01:01	F	F	0	4	Y,F,S,T
P9	A	A*24:03	S	F	1	4	Y,F,S,T
P9	A	A*33:01	T	F	1	4	Y,F,S,T
P9	A	A*02:01	F	F	0	4	Y,F,S,T
P9	A	A*34:01	Y	F	1	4	Y,F,S,T
P9	A	A*29:02	T	F	1	4	Y,F,S,T
P9	A	A*23:01	S	F	1	4	Y,F,S,T
P9	A	A*33:03	T	F	1	4	Y,F,S,T
P9	A	A*11:01	Y	F	1	4	Y,F,S,T
P9	A	A*68:02	Y	F	1	4	Y,F,S,T
P9	A	A*31:01	T	F	1	4	Y,F,S,T
P9	A	A*30:01	S	F	1	4	Y,F,S,T
P9	A	A*30:02	S	F	1	4	Y,F,S,T
P9	A	A*29:01	T	F	1	4	Y,F,S,T
P9	A	A*25:01	Y	F	1	4	Y,F,S,T
P95	A	A*24:03	L	I	1	3	L,V,I
P95	A	A*02:01	V	I	1	3	L,V,I
P95	A	A*23:01	L	I	1	3	L,V,I
P95	A	A*03:02	I	I	0	3	L,V,I
P95	A	A*24:02	L	I	1	3	L,V,I
P95	A	A*02:05	L	I	1	3	L,V,I
P95	A	A*26:01	I	I	0	3	L,V,I
P95	A	A*33:03	I	I	0	3	L,V,I
P95	A	A*29:01	I	I	0	3	L,V,I
P95	A	A*29:02	I	I	0	3	L,V,I
P95	A	A*03:01	I	I	0	3	L,V,I
P95	A	A*01:01	I	I	0	3	L,V,I
P95	A	A*32:01	I	I	0	3	L,V,I
P95	A	A*33:01	I	I	0	3	L,V,I
P95	A	A*34:01	I	I	0	3	L,V,I
P95	A	A*02:06	V	I	1	3	L,V,I
P95	A	A*30:01	I	I	0	3	L,V,I
P95	A	A*25:01	I	I	0	3	L,V,I
P95	A	A*68:01	I	I	0	3	L,V,I
P95	A	A*11:01	I	I	0	3	L,V,I
P95	A	A*30:02	I	I	0	3	L,V,I
P95	A	A*68:02	I	I	0	3	L,V,I
P95	A	A*66:01	I	I	0	3	L,V,I
P95	A	A*31:01	I	I	0	3	L,V,I
P97	A	A*24:03	M	I	1	3	M,R,I
P97	A	A*33:03	M	I	1	3	M,R,I
P97	A	A*29:01	M	I	1	3	M,R,I
P97	A	A*02:06	R	I	1	3	M,R,I
P97	A	A*01:01	I	I	0	3	M,R,I
P97	A	A*32:01	M	I	1	3	M,R,I
P97	A	A*03:01	I	I	0	3	M,R,I
P97	A	A*11:01	I	I	0	3	M,R,I
P97	A	A*29:02	M	I	1	3	M,R,I
P97	A	A*02:01	R	I	1	3	M,R,I
P97	A	A*03:02	I	I	0	3	M,R,I
P97	A	A*23:01	M	I	1	3	M,R,I
P97	A	A*33:01	M	I	1	3	M,R,I
P97	A	A*68:02	R	I	1	3	M,R,I
P97	A	A*24:02	M	I	1	3	M,R,I
P97	A	A*25:01	R	I	1	3	M,R,I
P97	A	A*31:01	M	I	1	3	M,R,I
P97	A	A*30:01	I	I	0	3	M,R,I
P97	A	A*66:01	R	I	1	3	M,R,I
P97	A	A*34:01	R	I	1	3	M,R,I
P97	A	A*26:01	R	I	1	3	M,R,I
P97	A	A*02:05	R	I	1	3	M,R,I
P97	A	A*30:02	I	I	0	3	M,R,I
P97	A	A*68:01	M	I	1	3	M,R,I
P114	B	B*35:01	D	D	0	3	D,N,H
P114	B	B*15:03	D	D	0	3	D,N,H
P114	B	B*13:02	N	D	1	3	D,N,H
P114	B	B*38:02	N	D	1	3	D,N,H
P114	B	B*41:02	N	D	1	3	D,N,H
P114	B	B*52:01	N	D	1	3	D,N,H
P114	B	B*40:01	N	D	1	3	D,N,H
P114	B	B*48:01	N	D	1	3	D,N,H
P114	B	B*44:03	D	D	0	3	D,N,H
P114	B	B*55:01	N	D	1	3	D,N,H
P114	B	B*27:05	H	D	1	3	D,N,H
P114	B	B*37:01	N	D	1	3	D,N,H
P114	B	B*40:02	N	D	1	3	D,N,H
P114	B	B*45:01	N	D	1	3	D,N,H
P114	B	B*38:01	N	D	1	3	D,N,H
P114	B	B*44:02	D	D	0	3	D,N,H
P114	B	B*08:01	N	D	1	3	D,N,H
P114	B	B*58:01	D	D	0	3	D,N,H
P114	B	B*53:01	D	D	0	3	D,N,H
P114	B	B*39:06	N	D	1	3	D,N,H
P114	B	B*07:05	N	D	1	3	D,N,H
P114	B	B*41:01	N	D	1	3	D,N,H
P114	B	B*15:18	D	D	0	3	D,N,H
P114	B	B*56:01	N	D	1	3	D,N,H
P114	B	B*14:01	N	D	1	3	D,N,H
P114	B	B*07:02	D	D	0	3	D,N,H
P114	B	B*51:01	N	D	1	3	D,N,H
P114	B	B*18:01	D	D	0	3	D,N,H
P114	B	B*50:01	N	D	1	3	D,N,H
P114	B	B*15:07	D	D	0	3	D,N,H
P114	B	B*40:06	N	D	1	3	D,N,H
P114	B	B*49:01	N	D	1	3	D,N,H
P114	B	B*35:02	N	D	1	3	D,N,H
P114	B	B*57:01	D	D	0	3	D,N,H
P114	B	B*35:08	D	D	0	3	D,N,H
P114	B	B*15:01	D	D	0	3	D,N,H
P114	B	B*39:01	N	D	1	3	D,N,H
P114	B	B*35:03	D	D	0	3	D,N,H
P114	B	B*14:02	N	D	1	3	D,N,H
P114	B	B*15:17	H	D	1	3	D,N,H
P116	B	B*58:01	S	Y	1	5	S,F,L,Y,D
P116	B	B*37:01	F	Y	1	5	S,F,L,Y,D
P116	B	B*13:02	L	Y	1	5	S,F,L,Y,D
P116	B	B*08:01	Y	Y	0	5	S,F,L,Y,D
P116	B	B*35:08	S	Y	1	5	S,F,L,Y,D
P116	B	B*40:01	Y	Y	0	5	S,F,L,Y,D
P116	B	B*51:01	Y	Y	0	5	S,F,L,Y,D
P116	B	B*15:03	S	Y	1	5	S,F,L,Y,D
P116	B	B*07:02	Y	Y	0	5	S,F,L,Y,D
P116	B	B*44:03	D	Y	1	5	S,F,L,Y,D
P116	B	B*45:01	L	Y	1	5	S,F,L,Y,D
P116	B	B*35:02	Y	Y	0	5	S,F,L,Y,D
P116	B	B*38:01	F	Y	1	5	S,F,L,Y,D
P116	B	B*07:05	Y	Y	0	5	S,F,L,Y,D
P116	B	B*50:01	L	Y	1	5	S,F,L,Y,D
P116	B	B*15:17	D	Y	1	5	S,F,L,Y,D
P116	B	B*44:02	D	Y	1	5	S,F,L,Y,D
P116	B	B*14:01	F	Y	1	5	S,F,L,Y,D
P116	B	B*57:01	S	Y	1	5	S,F,L,Y,D
P116	B	B*18:01	S	Y	1	5	S,F,L,Y,D
P116	B	B*35:03	F	Y	1	5	S,F,L,Y,D
P116	B	B*15:01	S	Y	1	5	S,F,L,Y,D
P116	B	B*41:02	Y	Y	0	5	S,F,L,Y,D
P116	B	B*40:02	Y	Y	0	5	S,F,L,Y,D
P116	B	B*55:01	L	Y	1	5	S,F,L,Y,D
P116	B	B*48:01	Y	Y	0	5	S,F,L,Y,D
P116	B	B*15:18	S	Y	1	5	S,F,L,Y,D
P116	B	B*39:06	F	Y	1	5	S,F,L,Y,D
P116	B	B*41:01	Y	Y	0	5	S,F,L,Y,D
P116	B	B*14:02	F	Y	1	5	S,F,L,Y,D
P116	B	B*35:01	S	Y	1	5	S,F,L,Y,D
P116	B	B*56:01	L	Y	1	5	S,F,L,Y,D
P116	B	B*15:07	S	Y	1	5	S,F,L,Y,D
P116	B	B*27:05	D	Y	1	5	S,F,L,Y,D
P116	B	B*53:01	S	Y	1	5	S,F,L,Y,D
P116	B	B*40:06	Y	Y	0	5	S,F,L,Y,D
P116	B	B*52:01	Y	Y	0	5	S,F,L,Y,D
P116	B	B*39:01	F	Y	1	5	S,F,L,Y,D
P116	B	B*38:02	F	Y	1	5	S,F,L,Y,D
P116	B	B*49:01	L	Y	1	5	S,F,L,Y,D
P156	B	B*44:02	D	R	1	4	D,L,W,R
P156	B	B*49:01	L	R	1	4	D,L,W,R
P156	B	B*14:01	L	R	1	4	D,L,W,R
P156	B	B*51:01	L	R	1	4	D,L,W,R
P156	B	B*14:02	L	R	1	4	D,L,W,R
P156	B	B*39:06	L	R	1	4	D,L,W,R
P156	B	B*39:01	L	R	1	4	D,L,W,R
P156	B	B*41:01	D	R	1	4	D,L,W,R
P156	B	B*40:01	L	R	1	4	D,L,W,R
P156	B	B*35:01	L	R	1	4	D,L,W,R
P156	B	B*15:07	W	R	1	4	D,L,W,R
P156	B	B*15:17	L	R	1	4	D,L,W,R
P156	B	B*35:02	L	R	1	4	D,L,W,R
P156	B	B*35:03	L	R	1	4	D,L,W,R
P156	B	B*50:01	L	R	1	4	D,L,W,R
P156	B	B*07:05	R	R	0	4	D,L,W,R
P156	B	B*44:03	L	R	1	4	D,L,W,R
P156	B	B*52:01	L	R	1	4	D,L,W,R
P156	B	B*48:01	L	R	1	4	D,L,W,R
P156	B	B*15:03	L	R	1	4	D,L,W,R
P156	B	B*41:02	D	R	1	4	D,L,W,R
P156	B	B*27:05	L	R	1	4	D,L,W,R
P156	B	B*53:01	L	R	1	4	D,L,W,R
P156	B	B*58:01	L	R	1	4	D,L,W,R
P156	B	B*40:06	L	R	1	4	D,L,W,R
P156	B	B*35:08	R	R	0	4	D,L,W,R
P156	B	B*38:02	L	R	1	4	D,L,W,R
P156	B	B*40:02	L	R	1	4	D,L,W,R
P156	B	B*37:01	D	R	1	4	D,L,W,R
P156	B	B*13:02	L	R	1	4	D,L,W,R
P156	B	B*38:01	L	R	1	4	D,L,W,R
P156	B	B*56:01	L	R	1	4	D,L,W,R
P156	B	B*08:01	D	R	1	4	D,L,W,R
P156	B	B*57:01	L	R	1	4	D,L,W,R
P156	B	B*55:01	L	R	1	4	D,L,W,R
P156	B	B*45:01	D	R	1	4	D,L,W,R
P156	B	B*07:02	R	R	0	4	D,L,W,R
P156	B	B*15:01	W	R	1	4	D,L,W,R
P156	B	B*18:01	L	R	1	4	D,L,W,R
P156	B	B*15:18	L	R	1	4	D,L,W,R
P163	B	B*07:02	E	E	0	3	E,L,T
P163	B	B*35:02	L	E	1	3	E,L,T
P163	B	B*14:02	T	E	1	3	E,L,T
P163	B	B*44:02	L	E	1	3	E,L,T
P163	B	B*55:01	T	E	1	3	E,L,T
P163	B	B*07:05	E	E	0	3	E,L,T
P163	B	B*49:01	L	E	1	3	E,L,T
P163	B	B*56:01	L	E	1	3	E,L,T
P163	B	B*35:08	L	E	1	3	E,L,T
P163	B	B*50:01	L	E	1	3	E,L,T
P163	B	B*15:01	L	E	1	3	E,L,T
P163	B	B*52:01	L	E	1	3	E,L,T
P163	B	B*35:03	L	E	1	3	E,L,T
P163	B	B*48:01	E	E	0	3	E,L,T
P163	B	B*15:17	L	E	1	3	E,L,T
P163	B	B*53:01	L	E	1	3	E,L,T
P163	B	B*41:02	T	E	1	3	E,L,T
P163	B	B*39:06	T	E	1	3	E,L,T
P163	B	B*38:02	T	E	1	3	E,L,T
P163	B	B*15:07	L	E	1	3	E,L,T
P163	B	B*37:01	T	E	1	3	E,L,T
P163	B	B*41:01	T	E	1	3	E,L,T
P163	B	B*57:01	L	E	1	3	E,L,T
P163	B	B*40:02	E	E	0	3	E,L,T
P163	B	B*18:01	T	E	1	3	E,L,T
P163	B	B*35:01	L	E	1	3	E,L,T
P163	B	B*58:01	L	E	1	3	E,L,T
P163	B	B*44:03	L	E	1	3	E,L,T
P163	B	B*39:01	T	E	1	3	E,L,T
P163	B	B*40:06	E	E	0	3	E,L,T
P163	B	B*51:01	L	E	1	3	E,L,T
P163	B	B*40:01	E	E	0	3	E,L,T
P163	B	B*38:01	T	E	1	3	E,L,T
P163	B	B*15:03	L	E	1	3	E,L,T
P163	B	B*27:05	E	E	0	3	E,L,T
P163	B	B*08:01	T	E	1	3	E,L,T
P163	B	B*15:18	L	E	1	3	E,L,T
P163	B	B*13:02	E	E	0	3	E,L,T
P163	B	B*45:01	L	E	1	3	E,L,T
P163	B	B*14:01	T	E	1	3	E,L,T
P24	B	B*18:01	S	S	0	3	S,T,A
P24	B	B*07:02	S	S	0	3	S,T,A
P24	B	B*44:02	T	S	1	3	S,T,A
P24	B	B*07:05	S	S	0	3	S,T,A
P24	B	B*38:02	S	S	0	3	S,T,A
P24	B	B*48:01	S	S	0	3	S,T,A
P24	B	B*35:03	A	S	1	3	S,T,A
P24	B	B*40:02	T	S	1	3	S,T,A
P24	B	B*14:02	S	S	0	3	S,T,A
P24	B	B*15:01	A	S	1	3	S,T,A
P24	B	B*58:01	A	S	1	3	S,T,A
P24	B	B*52:01	A	S	1	3	S,T,A
P24	B	B*35:08	A	S	1	3	S,T,A
P24	B	B*35:02	A	S	1	3	S,T,A
P24	B	B*55:01	A	S	1	3	S,T,A
P24	B	B*40:01	T	S	1	3	S,T,A
P24	B	B*51:01	A	S	1	3	S,T,A
P24	B	B*41:01	T	S	1	3	S,T,A
P24	B	B*15:03	S	S	0	3	S,T,A
P24	B	B*38:01	S	S	0	3	S,T,A
P24	B	B*44:03	T	S	1	3	S,T,A
P24	B	B*14:01	S	S	0	3	S,T,A
P24	B	B*50:01	T	S	1	3	S,T,A
P24	B	B*45:01	T	S	1	3	S,T,A
P24	B	B*27:05	T	S	1	3	S,T,A
P24	B	B*39:06	S	S	0	3	S,T,A
P24	B	B*41:02	T	S	1	3	S,T,A
P24	B	B*13:02	T	S	1	3	S,T,A
P24	B	B*40:06	T	S	1	3	S,T,A
P24	B	B*57:01	A	S	1	3	S,T,A
P24	B	B*08:01	S	S	0	3	S,T,A
P24	B	B*15:18	S	S	0	3	S,T,A
P24	B	B*53:01	A	S	1	3	S,T,A
P24	B	B*35:01	A	S	1	3	S,T,A
P24	B	B*56:01	A	S	1	3	S,T,A
P24	B	B*15:07	A	S	1	3	S,T,A
P24	B	B*49:01	T	S	1	3	S,T,A
P24	B	B*37:01	S	S	0	3	S,T,A
P24	B	B*39:01	S	S	0	3	S,T,A
P24	B	B*15:17	A	S	1	3	S,T,A
P282	B	B*07:02	V	V	0	3	V,I,.
P282	B	B*41:01	V	V	0	3	V,I,.
P282	B	B*44:02	V	V	0	3	V,I,.
P282	B	B*07:05	I	V	1	3	V,I,.
P282	B	B*57:01	V	V	0	3	V,I,.
P282	B	B*35:08	I	V	1	3	V,I,.
P282	B	B*38:02	V	V	0	3	V,I,.
P282	B	B*48:01	V	V	0	3	V,I,.
P282	B	B*35:03	I	V	1	3	V,I,.
P282	B	B*14:01	V	V	0	3	V,I,.
P282	B	B*15:18	I	V	1	3	V,I,.
P282	B	B*49:01	I	V	1	3	V,I,.
P282	B	B*53:01	I	V	1	3	V,I,.
P282	B	B*56:01	.	V	1	3	V,I,.
P282	B	B*13:02	V	V	0	3	V,I,.
P282	B	B*39:01	V	V	0	3	V,I,.
P282	B	B*08:01	V	V	0	3	V,I,.
P282	B	B*14:02	V	V	0	3	V,I,.
P282	B	B*40:06	V	V	0	3	V,I,.
P282	B	B*55:01	I	V	1	3	V,I,.
P282	B	B*44:02	.	V	1	3	V,I,.
P282	B	B*50:01	I	V	1	3	V,I,.
P282	B	B*37:01	I	V	1	3	V,I,.
P282	B	B*15:17	I	V	1	3	V,I,.
P282	B	B*15:01	I	V	1	3	V,I,.
P282	B	B*35:02	I	V	1	3	V,I,.
P282	B	B*41:02	V	V	0	3	V,I,.
P282	B	B*44:03	V	V	0	3	V,I,.
P282	B	B*35:01	I	V	1	3	V,I,.
P282	B	B*58:01	I	V	1	3	V,I,.
P282	B	B*39:06	V	V	0	3	V,I,.
P282	B	B*56:01	I	V	1	3	V,I,.
P282	B	B*15:07	I	V	1	3	V,I,.
P282	B	B*38:01	V	V	0	3	V,I,.
P282	B	B*52:01	I	V	1	3	V,I,.
P282	B	B*45:01	I	V	1	3	V,I,.
P282	B	B*40:02	V	V	0	3	V,I,.
P282	B	B*40:01	V	V	0	3	V,I,.
P282	B	B*27:05	V	V	0	3	V,I,.
P282	B	B*18:01	I	V	1	3	V,I,.
P282	B	B*15:03	I	V	1	3	V,I,.
P282	B	B*51:01	I	V	1	3	V,I,.
P305	B	B*49:01	T	A	1	3	T,A,.
P305	B	B*35:02	T	A	1	3	T,A,.
P305	B	B*57:01	A	A	0	3	T,A,.
P305	B	B*58:01	T	A	1	3	T,A,.
P305	B	B*15:07	T	A	1	3	T,A,.
P305	B	B*45:01	T	A	1	3	T,A,.
P305	B	B*38:01	A	A	0	3	T,A,.
P305	B	B*15:17	T	A	1	3	T,A,.
P305	B	B*39:01	A	A	0	3	T,A,.
P305	B	B*15:01	T	A	1	3	T,A,.
P305	B	B*44:02	.	A	1	3	T,A,.
P305	B	B*37:01	T	A	1	3	T,A,.
P305	B	B*44:02	A	A	0	3	T,A,.
P305	B	B*56:01	T	A	1	3	T,A,.
P305	B	B*44:03	A	A	0	3	T,A,.
P305	B	B*52:01	T	A	1	3	T,A,.
P305	B	B*40:02	A	A	0	3	T,A,.
P305	B	B*35:03	T	A	1	3	T,A,.
P305	B	B*35:08	T	A	1	3	T,A,.
P305	B	B*40:06	A	A	0	3	T,A,.
P305	B	B*41:02	A	A	0	3	T,A,.
P305	B	B*18:01	T	A	1	3	T,A,.
P305	B	B*14:01	A	A	0	3	T,A,.
P305	B	B*40:01	A	A	0	3	T,A,.
P305	B	B*14:02	A	A	0	3	T,A,.
P305	B	B*38:02	A	A	0	3	T,A,.
P305	B	B*56:01	.	A	1	3	T,A,.
P305	B	B*13:02	A	A	0	3	T,A,.
P305	B	B*51:01	T	A	1	3	T,A,.
P305	B	B*50:01	T	A	1	3	T,A,.
P305	B	B*15:18	T	A	1	3	T,A,.
P305	B	B*07:05	A	A	0	3	T,A,.
P305	B	B*48:01	A	A	0	3	T,A,.
P305	B	B*53:01	T	A	1	3	T,A,.
P305	B	B*07:02	A	A	0	3	T,A,.
P305	B	B*55:01	T	A	1	3	T,A,.
P305	B	B*35:01	T	A	1	3	T,A,.
P305	B	B*15:03	T	A	1	3	T,A,.
P305	B	B*41:01	A	A	0	3	T,A,.
P305	B	B*08:01	A	A	0	3	T,A,.
P305	B	B*39:06	A	A	0	3	T,A,.
P305	B	B*27:05	A	A	0	3	T,A,.
P45	B	B*35:01	T	E	1	4	T,E,K,M
P45	B	B*39:01	E	E	0	4	T,E,K,M
P45	B	B*35:08	T	E	1	4	T,E,K,M
P45	B	B*18:01	T	E	1	4	T,E,K,M
P45	B	B*44:02	K	E	1	4	T,E,K,M
P45	B	B*58:01	T	E	1	4	T,E,K,M
P45	B	B*07:02	E	E	0	4	T,E,K,M
P45	B	B*38:01	E	E	0	4	T,E,K,M
P45	B	B*40:01	K	E	1	4	T,E,K,M
P45	B	B*27:05	E	E	0	4	T,E,K,M
P45	B	B*39:06	E	E	0	4	T,E,K,M
P45	B	B*57:01	M	E	1	4	T,E,K,M
P45	B	B*15:01	M	E	1	4	T,E,K,M
P45	B	B*45:01	K	E	1	4	T,E,K,M
P45	B	B*51:01	T	E	1	4	T,E,K,M
P45	B	B*07:05	E	E	0	4	T,E,K,M
P45	B	B*35:03	T	E	1	4	T,E,K,M
P45	B	B*38:02	E	E	0	4	T,E,K,M
P45	B	B*08:01	E	E	0	4	T,E,K,M
P45	B	B*44:03	K	E	1	4	T,E,K,M
P45	B	B*14:01	E	E	0	4	T,E,K,M
P45	B	B*55:01	E	E	0	4	T,E,K,M
P45	B	B*37:01	T	E	1	4	T,E,K,M
P45	B	B*52:01	T	E	1	4	T,E,K,M
P45	B	B*56:01	E	E	0	4	T,E,K,M
P45	B	B*50:01	K	E	1	4	T,E,K,M
P45	B	B*48:01	E	E	0	4	T,E,K,M
P45	B	B*41:01	K	E	1	4	T,E,K,M
P45	B	B*40:02	K	E	1	4	T,E,K,M
P45	B	B*49:01	K	E	1	4	T,E,K,M
P45	B	B*15:03	E	E	0	4	T,E,K,M
P45	B	B*15:07	M	E	1	4	T,E,K,M
P45	B	B*15:18	E	E	0	4	T,E,K,M
P45	B	B*41:02	K	E	1	4	T,E,K,M
P45	B	B*40:06	K	E	1	4	T,E,K,M
P45	B	B*53:01	T	E	1	4	T,E,K,M
P45	B	B*35:02	T	E	1	4	T,E,K,M
P45	B	B*14:02	E	E	0	4	T,E,K,M
P45	B	B*13:02	M	E	1	4	T,E,K,M
P45	B	B*15:17	M	E	1	4	T,E,K,M
P67	B	B*40:01	S	Y	1	5	S,F,C,M,Y
P67	B	B*45:01	S	Y	1	5	S,F,C,M,Y
P67	B	B*35:01	F	Y	1	5	S,F,C,M,Y
P67	B	B*14:02	C	Y	1	5	S,F,C,M,Y
P67	B	B*57:01	M	Y	1	5	S,F,C,M,Y
P67	B	B*07:02	Y	Y	0	5	S,F,C,M,Y
P67	B	B*37:01	S	Y	1	5	S,F,C,M,Y
P67	B	B*13:02	S	Y	1	5	S,F,C,M,Y
P67	B	B*15:17	M	Y	1	5	S,F,C,M,Y
P67	B	B*44:03	S	Y	1	5	S,F,C,M,Y
P67	B	B*15:07	S	Y	1	5	S,F,C,M,Y
P67	B	B*51:01	F	Y	1	5	S,F,C,M,Y
P67	B	B*38:01	C	Y	1	5	S,F,C,M,Y
P67	B	B*15:18	C	Y	1	5	S,F,C,M,Y
P67	B	B*15:01	S	Y	1	5	S,F,C,M,Y
P67	B	B*58:01	M	Y	1	5	S,F,C,M,Y
P67	B	B*35:08	F	Y	1	5	S,F,C,M,Y
P67	B	B*44:02	S	Y	1	5	S,F,C,M,Y
P67	B	B*15:03	S	Y	1	5	S,F,C,M,Y
P67	B	B*35:03	F	Y	1	5	S,F,C,M,Y
P67	B	B*40:06	S	Y	1	5	S,F,C,M,Y
P67	B	B*35:02	F	Y	1	5	S,F,C,M,Y
P67	B	B*40:02	S	Y	1	5	S,F,C,M,Y
P67	B	B*08:01	F	Y	1	5	S,F,C,M,Y
P67	B	B*41:02	S	Y	1	5	S,F,C,M,Y
P67	B	B*56:01	Y	Y	0	5	S,F,C,M,Y
P67	B	B*39:06	C	Y	1	5	S,F,C,M,Y
P67	B	B*55:01	Y	Y	0	5	S,F,C,M,Y
P67	B	B*18:01	S	Y	1	5	S,F,C,M,Y
P67	B	B*27:05	C	Y	1	5	S,F,C,M,Y
P67	B	B*38:02	C	Y	1	5	S,F,C,M,Y
P67	B	B*53:01	F	Y	1	5	S,F,C,M,Y
P67	B	B*41:01	S	Y	1	5	S,F,C,M,Y
P67	B	B*52:01	S	Y	1	5	S,F,C,M,Y
P67	B	B*07:05	Y	Y	0	5	S,F,C,M,Y
P67	B	B*50:01	S	Y	1	5	S,F,C,M,Y
P67	B	B*49:01	S	Y	1	5	S,F,C,M,Y
P67	B	B*48:01	S	Y	1	5	S,F,C,M,Y
P67	B	B*14:01	C	Y	1	5	S,F,C,M,Y
P67	B	B*39:01	C	Y	1	5	S,F,C,M,Y
P70	B	B*40:01	N	Q	1	4	N,S,K,Q
P70	B	B*15:17	S	Q	1	4	N,S,K,Q
P70	B	B*13:02	N	Q	1	4	N,S,K,Q
P70	B	B*08:01	N	Q	1	4	N,S,K,Q
P70	B	B*14:02	N	Q	1	4	N,S,K,Q
P70	B	B*35:01	N	Q	1	4	N,S,K,Q
P70	B	B*15:03	N	Q	1	4	N,S,K,Q
P70	B	B*18:01	N	Q	1	4	N,S,K,Q
P70	B	B*41:01	N	Q	1	4	N,S,K,Q
P70	B	B*51:01	N	Q	1	4	N,S,K,Q
P70	B	B*45:01	N	Q	1	4	N,S,K,Q
P70	B	B*38:01	N	Q	1	4	N,S,K,Q
P70	B	B*50:01	N	Q	1	4	N,S,K,Q
P70	B	B*27:05	K	Q	1	4	N,S,K,Q
P70	B	B*44:03	N	Q	1	4	N,S,K,Q
P70	B	B*39:06	N	Q	1	4	N,S,K,Q
P70	B	B*15:07	N	Q	1	4	N,S,K,Q
P70	B	B*40:02	N	Q	1	4	N,S,K,Q
P70	B	B*35:03	N	Q	1	4	N,S,K,Q
P70	B	B*58:01	S	Q	1	4	N,S,K,Q
P70	B	B*15:01	N	Q	1	4	N,S,K,Q
P70	B	B*41:02	N	Q	1	4	N,S,K,Q
P70	B	B*37:01	N	Q	1	4	N,S,K,Q
P70	B	B*55:01	Q	Q	0	4	N,S,K,Q
P70	B	B*07:05	Q	Q	0	4	N,S,K,Q
P70	B	B*57:01	S	Q	1	4	N,S,K,Q
P70	B	B*44:02	N	Q	1	4	N,S,K,Q
P70	B	B*53:01	N	Q	1	4	N,S,K,Q
P70	B	B*35:08	N	Q	1	4	N,S,K,Q
P70	B	B*38:02	N	Q	1	4	N,S,K,Q
P70	B	B*15:18	N	Q	1	4	N,S,K,Q
P70	B	B*48:01	N	Q	1	4	N,S,K,Q
P70	B	B*07:02	Q	Q	0	4	N,S,K,Q
P70	B	B*56:01	Q	Q	0	4	N,S,K,Q
P70	B	B*40:06	N	Q	1	4	N,S,K,Q
P70	B	B*49:01	N	Q	1	4	N,S,K,Q
P70	B	B*52:01	N	Q	1	4	N,S,K,Q
P70	B	B*35:02	N	Q	1	4	N,S,K,Q
P70	B	B*14:01	N	Q	1	4	N,S,K,Q
P70	B	B*39:01	N	Q	1	4	N,S,K,Q
P77	B	B*38:01	N	S	1	3	N,S,D
P77	B	B*35:08	S	S	0	3	N,S,D
P77	B	B*14:01	S	S	0	3	N,S,D
P77	B	B*18:01	S	S	0	3	N,S,D
P77	B	B*07:02	S	S	0	3	N,S,D
P77	B	B*07:05	S	S	0	3	N,S,D
P77	B	B*56:01	S	S	0	3	N,S,D
P77	B	B*45:01	S	S	0	3	N,S,D
P77	B	B*39:06	S	S	0	3	N,S,D
P77	B	B*41:02	S	S	0	3	N,S,D
P77	B	B*40:01	S	S	0	3	N,S,D
P77	B	B*44:03	N	S	1	3	N,S,D
P77	B	B*51:01	N	S	1	3	N,S,D
P77	B	B*44:02	N	S	1	3	N,S,D
P77	B	B*35:02	S	S	0	3	N,S,D
P77	B	B*35:01	S	S	0	3	N,S,D
P77	B	B*58:01	N	S	1	3	N,S,D
P77	B	B*57:01	N	S	1	3	N,S,D
P77	B	B*15:18	S	S	0	3	N,S,D
P77	B	B*13:02	N	S	1	3	N,S,D
P77	B	B*27:05	D	S	1	3	N,S,D
P77	B	B*37:01	D	S	1	3	N,S,D
P77	B	B*50:01	S	S	0	3	N,S,D
P77	B	B*14:02	S	S	0	3	N,S,D
P77	B	B*35:03	S	S	0	3	N,S,D
P77	B	B*41:01	S	S	0	3	N,S,D
P77	B	B*15:01	S	S	0	3	N,S,D
P77	B	B*40:06	S	S	0	3	N,S,D
P77	B	B*15:17	N	S	1	3	N,S,D
P77	B	B*53:01	N	S	1	3	N,S,D
P77	B	B*39:01	S	S	0	3	N,S,D
P77	B	B*55:01	S	S	0	3	N,S,D
P77	B	B*08:01	S	S	0	3	N,S,D
P77	B	B*15:07	S	S	0	3	N,S,D
P77	B	B*52:01	N	S	1	3	N,S,D
P77	B	B*15:03	S	S	0	3	N,S,D
P77	B	B*48:01	S	S	0	3	N,S,D
P77	B	B*40:02	S	S	0	3	N,S,D
P77	B	B*38:02	N	S	1	3	N,S,D
P77	B	B*49:01	N	S	1	3	N,S,D
P80	B	B*14:02	N	N	0	3	N,T,I
P80	B	B*44:02	T	N	1	3	N,T,I
P80	B	B*49:01	I	N	1	3	N,T,I
P80	B	B*35:01	N	N	0	3	N,T,I
P80	B	B*35:02	N	N	0	3	N,T,I
P80	B	B*15:01	N	N	0	3	N,T,I
P80	B	B*07:02	N	N	0	3	N,T,I
P80	B	B*14:01	N	N	0	3	N,T,I
P80	B	B*39:01	N	N	0	3	N,T,I
P80	B	B*40:02	N	N	0	3	N,T,I
P80	B	B*53:01	I	N	1	3	N,T,I
P80	B	B*15:07	N	N	0	3	N,T,I
P80	B	B*35:03	N	N	0	3	N,T,I
P80	B	B*50:01	N	N	0	3	N,T,I
P80	B	B*52:01	I	N	1	3	N,T,I
P80	B	B*15:17	I	N	1	3	N,T,I
P80	B	B*13:02	T	N	1	3	N,T,I
P80	B	B*56:01	N	N	0	3	N,T,I
P80	B	B*39:06	N	N	0	3	N,T,I
P80	B	B*15:18	N	N	0	3	N,T,I
P80	B	B*48:01	N	N	0	3	N,T,I
P80	B	B*41:02	N	N	0	3	N,T,I
P80	B	B*40:06	N	N	0	3	N,T,I
P80	B	B*55:01	N	N	0	3	N,T,I
P80	B	B*45:01	N	N	0	3	N,T,I
P80	B	B*38:01	I	N	1	3	N,T,I
P80	B	B*08:01	N	N	0	3	N,T,I
P80	B	B*38:02	T	N	1	3	N,T,I
P80	B	B*44:03	T	N	1	3	N,T,I
P80	B	B*37:01	T	N	1	3	N,T,I
P80	B	B*40:01	N	N	0	3	N,T,I
P80	B	B*41:01	N	N	0	3	N,T,I
P80	B	B*35:08	N	N	0	3	N,T,I
P80	B	B*18:01	N	N	0	3	N,T,I
P80	B	B*15:03	N	N	0	3	N,T,I
P80	B	B*27:05	T	N	1	3	N,T,I
P80	B	B*58:01	I	N	1	3	N,T,I
P80	B	B*57:01	I	N	1	3	N,T,I
P80	B	B*51:01	I	N	1	3	N,T,I
P80	B	B*07:05	N	N	0	3	N,T,I
P9	B	B*44:03	Y	Y	0	3	Y,H,D
P9	B	B*38:01	Y	Y	0	3	Y,H,D
P9	B	B*40:01	H	Y	1	3	Y,H,D
P9	B	B*35:01	Y	Y	0	3	Y,H,D
P9	B	B*45:01	H	Y	1	3	Y,H,D
P9	B	B*51:01	Y	Y	0	3	Y,H,D
P9	B	B*35:02	Y	Y	0	3	Y,H,D
P9	B	B*50:01	H	Y	1	3	Y,H,D
P9	B	B*37:01	H	Y	1	3	Y,H,D
P9	B	B*27:05	H	Y	1	3	Y,H,D
P9	B	B*58:01	Y	Y	0	3	Y,H,D
P9	B	B*35:03	Y	Y	0	3	Y,H,D
P9	B	B*14:01	Y	Y	0	3	Y,H,D
P9	B	B*08:01	D	Y	1	3	Y,H,D
P9	B	B*39:06	Y	Y	0	3	Y,H,D
P9	B	B*56:01	Y	Y	0	3	Y,H,D
P9	B	B*18:01	H	Y	1	3	Y,H,D
P9	B	B*13:02	Y	Y	0	3	Y,H,D
P9	B	B*48:01	Y	Y	0	3	Y,H,D
P9	B	B*35:08	Y	Y	0	3	Y,H,D
P9	B	B*57:01	Y	Y	0	3	Y,H,D
P9	B	B*38:02	Y	Y	0	3	Y,H,D
P9	B	B*07:05	Y	Y	0	3	Y,H,D
P9	B	B*40:02	H	Y	1	3	Y,H,D
P9	B	B*15:17	Y	Y	0	3	Y,H,D
P9	B	B*41:01	H	Y	1	3	Y,H,D
P9	B	B*15:01	Y	Y	0	3	Y,H,D
P9	B	B*55:01	Y	Y	0	3	Y,H,D
P9	B	B*44:02	Y	Y	0	3	Y,H,D
P9	B	B*15:07	Y	Y	0	3	Y,H,D
P9	B	B*15:03	Y	Y	0	3	Y,H,D
P9	B	B*07:02	Y	Y	0	3	Y,H,D
P9	B	B*49:01	H	Y	1	3	Y,H,D
P9	B	B*14:02	Y	Y	0	3	Y,H,D
P9	B	B*39:01	Y	Y	0	3	Y,H,D
P9	B	B*15:18	Y	Y	0	3	Y,H,D
P9	B	B*40:06	H	Y	1	3	Y,H,D
P9	B	B*52:01	Y	Y	0	3	Y,H,D
P9	B	B*41:02	H	Y	1	3	Y,H,D
P9	B	B*53:01	Y	Y	0	3	Y,H,D
P95	B	B*07:02	L	L	0	3	L,W,I
P95	B	B*38:01	L	L	0	3	L,W,I
P95	B	B*15:18	L	L	0	3	L,W,I
P95	B	B*51:01	W	L	1	3	L,W,I
P95	B	B*35:03	I	L	1	3	L,W,I
P95	B	B*15:07	L	L	0	3	L,W,I
P95	B	B*52:01	W	L	1	3	L,W,I
P95	B	B*14:02	L	L	0	3	L,W,I
P95	B	B*27:05	L	L	0	3	L,W,I
P95	B	B*40:02	L	L	0	3	L,W,I
P95	B	B*45:01	W	L	1	3	L,W,I
P95	B	B*40:01	L	L	0	3	L,W,I
P95	B	B*14:01	L	L	0	3	L,W,I
P95	B	B*13:02	W	L	1	3	L,W,I
P95	B	B*35:02	I	L	1	3	L,W,I
P95	B	B*15:17	L	L	0	3	L,W,I
P95	B	B*50:01	W	L	1	3	L,W,I
P95	B	B*38:02	L	L	0	3	L,W,I
P95	B	B*37:01	I	L	1	3	L,W,I
P95	B	B*15:03	L	L	0	3	L,W,I
P95	B	B*57:01	I	L	1	3	L,W,I
P95	B	B*41:02	L	L	0	3	L,W,I
P95	B	B*35:01	I	L	1	3	L,W,I
P95	B	B*58:01	I	L	1	3	L,W,I
P95	B	B*44:03	I	L	1	3	L,W,I
P95	B	B*18:01	L	L	0	3	L,W,I
P95	B	B*08:01	L	L	0	3	L,W,I
P95	B	B*48:01	L	L	0	3	L,W,I
P95	B	B*49:01	W	L	1	3	L,W,I
P95	B	B*41:01	W	L	1	3	L,W,I
P95	B	B*07:05	L	L	0	3	L,W,I
P95	B	B*39:06	W	L	1	3	L,W,I
P95	B	B*55:01	W	L	1	3	L,W,I
P95	B	B*39:01	L	L	0	3	L,W,I
P95	B	B*53:01	I	L	1	3	L,W,I
P95	B	B*44:02	I	L	1	3	L,W,I
P95	B	B*56:01	W	L	1	3	L,W,I
P95	B	B*35:08	I	L	1	3	L,W,I
P95	B	B*15:01	L	L	0	3	L,W,I
P95	B	B*40:06	W	L	1	3	L,W,I
P97	B	B*35:02	R	S	1	6	R,T,W,S,N,V
P97	B	B*56:01	T	S	1	6	R,T,W,S,N,V
P97	B	B*14:02	W	S	1	6	R,T,W,S,N,V
P97	B	B*44:02	R	S	1	6	R,T,W,S,N,V
P97	B	B*38:01	R	S	1	6	R,T,W,S,N,V
P97	B	B*07:02	S	S	0	6	R,T,W,S,N,V
P97	B	B*48:01	S	S	0	6	R,T,W,S,N,V
P97	B	B*40:02	S	S	0	6	R,T,W,S,N,V
P97	B	B*15:07	S	S	0	6	R,T,W,S,N,V
P97	B	B*51:01	T	S	1	6	R,T,W,S,N,V
P97	B	B*58:01	R	S	1	6	R,T,W,S,N,V
P97	B	B*35:03	R	S	1	6	R,T,W,S,N,V
P97	B	B*15:03	R	S	1	6	R,T,W,S,N,V
P97	B	B*18:01	R	S	1	6	R,T,W,S,N,V
P97	B	B*15:18	R	S	1	6	R,T,W,S,N,V
P97	B	B*40:01	R	S	1	6	R,T,W,S,N,V
P97	B	B*07:05	S	S	0	6	R,T,W,S,N,V
P97	B	B*27:05	N	S	1	6	R,T,W,S,N,V
P97	B	B*57:01	V	S	1	6	R,T,W,S,N,V
P97	B	B*15:17	R	S	1	6	R,T,W,S,N,V
P97	B	B*39:06	T	S	1	6	R,T,W,S,N,V
P97	B	B*08:01	S	S	0	6	R,T,W,S,N,V
P97	B	B*44:03	R	S	1	6	R,T,W,S,N,V
P97	B	B*52:01	T	S	1	6	R,T,W,S,N,V
P97	B	B*50:01	R	S	1	6	R,T,W,S,N,V
P97	B	B*45:01	R	S	1	6	R,T,W,S,N,V
P97	B	B*38:02	R	S	1	6	R,T,W,S,N,V
P97	B	B*14:01	W	S	1	6	R,T,W,S,N,V
P97	B	B*39:01	R	S	1	6	R,T,W,S,N,V
P97	B	B*41:02	S	S	0	6	R,T,W,S,N,V
P97	B	B*35:08	R	S	1	6	R,T,W,S,N,V
P97	B	B*55:01	T	S	1	6	R,T,W,S,N,V
P97	B	B*40:06	T	S	1	6	R,T,W,S,N,V
P97	B	B*49:01	R	S	1	6	R,T,W,S,N,V
P97	B	B*41:01	R	S	1	6	R,T,W,S,N,V
P97	B	B*35:01	R	S	1	6	R,T,W,S,N,V
P97	B	B*13:02	T	S	1	6	R,T,W,S,N,V
P97	B	B*53:01	R	S	1	6	R,T,W,S,N,V
P97	B	B*37:01	R	S	1	6	R,T,W,S,N,V
P97	B	B*15:01	R	S	1	6	R,T,W,S,N,V
P116	C	C*01:02	Y	Y	0	4	Y,S,F,L
P116	C	C*16:02	S	Y	1	4	Y,S,F,L
P116	C	C*07:01	S	Y	1	4	Y,S,F,L
P116	C	C*02:02	S	Y	1	4	Y,S,F,L
P116	C	C*07:04	F	Y	1	4	Y,S,F,L
P116	C	C*17:01	F	Y	1	4	Y,S,F,L
P116	C	C*03:04	Y	Y	0	4	Y,S,F,L
P116	C	C*16:01	S	Y	1	4	Y,S,F,L
P116	C	C*04:01	F	Y	1	4	Y,S,F,L
P116	C	C*07:02	S	Y	1	4	Y,S,F,L
P116	C	C*06:02	S	Y	1	4	Y,S,F,L
P116	C	C*05:01	F	Y	1	4	Y,S,F,L
P116	C	C*15:05	F	Y	1	4	Y,S,F,L
P116	C	C*08:02	F	Y	1	4	Y,S,F,L
P116	C	C*08:03	F	Y	1	4	Y,S,F,L
P116	C	C*03:03	Y	Y	0	4	Y,S,F,L
P116	C	C*03:02	S	Y	1	4	Y,S,F,L
P116	C	C*08:01	F	Y	1	4	Y,S,F,L
P116	C	C*12:03	S	Y	1	4	Y,S,F,L
P116	C	C*12:02	S	Y	1	4	Y,S,F,L
P116	C	C*15:02	L	Y	1	4	Y,S,F,L
P116	C	C*14:02	S	Y	1	4	Y,S,F,L
P152	C	C*07:04	A	E	1	3	A,E,T
P152	C	C*01:02	E	E	0	3	A,E,T
P152	C	C*07:02	A	E	1	3	A,E,T
P152	C	C*06:02	E	E	0	3	A,E,T
P152	C	C*16:01	A	E	1	3	A,E,T
P152	C	C*04:01	E	E	0	3	A,E,T
P152	C	C*08:03	T	E	1	3	A,E,T
P152	C	C*07:01	A	E	1	3	A,E,T
P152	C	C*12:02	E	E	0	3	A,E,T
P152	C	C*16:02	A	E	1	3	A,E,T
P152	C	C*03:02	E	E	0	3	A,E,T
P152	C	C*08:01	T	E	1	3	A,E,T
P152	C	C*02:02	E	E	0	3	A,E,T
P152	C	C*03:04	E	E	0	3	A,E,T
P152	C	C*12:03	E	E	0	3	A,E,T
P152	C	C*15:05	E	E	0	3	A,E,T
P152	C	C*15:02	E	E	0	3	A,E,T
P152	C	C*14:02	E	E	0	3	A,E,T
P152	C	C*17:01	E	E	0	3	A,E,T
P152	C	C*03:03	E	E	0	3	A,E,T
P152	C	C*08:02	E	E	0	3	A,E,T
P152	C	C*05:01	E	E	0	3	A,E,T
P156	C	C*16:01	Q	R	1	5	Q,R,L,W,D
P156	C	C*01:02	R	R	0	5	Q,R,L,W,D
P156	C	C*16:02	Q	R	1	5	Q,R,L,W,D
P156	C	C*07:01	L	R	1	5	Q,R,L,W,D
P156	C	C*06:02	W	R	1	5	Q,R,L,W,D
P156	C	C*12:02	W	R	1	5	Q,R,L,W,D
P156	C	C*17:01	L	R	1	5	Q,R,L,W,D
P156	C	C*03:04	L	R	1	5	Q,R,L,W,D
P156	C	C*04:01	R	R	0	5	Q,R,L,W,D
P156	C	C*03:03	L	R	1	5	Q,R,L,W,D
P156	C	C*08:02	R	R	0	5	Q,R,L,W,D
P156	C	C*08:01	L	R	1	5	Q,R,L,W,D
P156	C	C*05:01	R	R	0	5	Q,R,L,W,D
P156	C	C*07:02	L	R	1	5	Q,R,L,W,D
P156	C	C*08:03	L	R	1	5	Q,R,L,W,D
P156	C	C*15:05	L	R	1	5	Q,R,L,W,D
P156	C	C*15:02	L	R	1	5	Q,R,L,W,D
P156	C	C*07:04	D	R	1	5	Q,R,L,W,D
P156	C	C*03:02	L	R	1	5	Q,R,L,W,D
P156	C	C*02:02	W	R	1	5	Q,R,L,W,D
P156	C	C*12:03	W	R	1	5	Q,R,L,W,D
P156	C	C*14:02	R	R	0	5	Q,R,L,W,D
P163	C	C*14:02	T	T	0	3	T,L,E
P163	C	C*15:05	T	T	0	3	T,L,E
P163	C	C*03:02	L	T	1	3	T,L,E
P163	C	C*08:02	T	T	0	3	T,L,E
P163	C	C*07:01	T	T	0	3	T,L,E
P163	C	C*08:01	T	T	0	3	T,L,E
P163	C	C*08:03	T	T	0	3	T,L,E
P163	C	C*06:02	T	T	0	3	T,L,E
P163	C	C*12:03	T	T	0	3	T,L,E
P163	C	C*12:02	T	T	0	3	T,L,E
P163	C	C*03:03	L	T	1	3	T,L,E
P163	C	C*16:01	T	T	0	3	T,L,E
P163	C	C*16:02	T	T	0	3	T,L,E
P163	C	C*02:02	E	T	1	3	T,L,E
P163	C	C*17:01	E	T	1	3	T,L,E
P163	C	C*15:02	T	T	0	3	T,L,E
P163	C	C*05:01	T	T	0	3	T,L,E
P163	C	C*04:01	T	T	0	3	T,L,E
P163	C	C*07:04	T	T	0	3	T,L,E
P163	C	C*07:02	T	T	0	3	T,L,E
P163	C	C*01:02	T	T	0	3	T,L,E
P163	C	C*03:04	L	T	1	3	T,L,E
P184	C	C*17:01	R	H	1	3	R,H,P
P184	C	C*16:02	H	H	0	3	R,H,P
P184	C	C*05:01	H	H	0	3	R,H,P
P184	C	C*16:01	H	H	0	3	R,H,P
P184	C	C*03:02	H	H	0	3	R,H,P
P184	C	C*03:03	H	H	0	3	R,H,P
P184	C	C*08:03	H	H	0	3	R,H,P
P184	C	C*07:02	P	H	1	3	R,H,P
P184	C	C*07:04	P	H	1	3	R,H,P
P184	C	C*06:02	H	H	0	3	R,H,P
P184	C	C*04:01	H	H	0	3	R,H,P
P184	C	C*07:01	P	H	1	3	R,H,P
P184	C	C*01:02	H	H	0	3	R,H,P
P184	C	C*02:02	H	H	0	3	R,H,P
P184	C	C*12:03	H	H	0	3	R,H,P
P184	C	C*15:02	H	H	0	3	R,H,P
P184	C	C*03:04	H	H	0	3	R,H,P
P184	C	C*08:02	H	H	0	3	R,H,P
P184	C	C*14:02	H	H	0	3	R,H,P
P184	C	C*12:02	H	H	0	3	R,H,P
P184	C	C*15:05	H	H	0	3	R,H,P
P184	C	C*08:01	H	H	0	3	R,H,P
P275	C	C*06:02	E	E	0	3	E,G,K
P275	C	C*08:03	G	E	1	3	E,G,K
P275	C	C*03:04	E	E	0	3	E,G,K
P275	C	C*16:01	E	E	0	3	E,G,K
P275	C	C*07:02	E	E	0	3	E,G,K
P275	C	C*15:02	E	E	0	3	E,G,K
P275	C	C*17:01	K	E	1	3	E,G,K
P275	C	C*07:04	E	E	0	3	E,G,K
P275	C	C*15:05	E	E	0	3	E,G,K
P275	C	C*02:02	E	E	0	3	E,G,K
P275	C	C*04:01	K	E	1	3	E,G,K
P275	C	C*05:01	G	E	1	3	E,G,K
P275	C	C*07:01	E	E	0	3	E,G,K
P275	C	C*01:02	E	E	0	3	E,G,K
P275	C	C*14:02	E	E	0	3	E,G,K
P275	C	C*16:02	E	E	0	3	E,G,K
P275	C	C*03:02	E	E	0	3	E,G,K
P275	C	C*03:03	E	E	0	3	E,G,K
P275	C	C*08:02	G	E	1	3	E,G,K
P275	C	C*12:02	E	E	0	3	E,G,K
P275	C	C*08:01	G	E	1	3	E,G,K
P275	C	C*12:03	E	E	0	3	E,G,K
P285	C	C*07:01	M	V	1	3	M,V,L
P285	C	C*06:02	V	V	0	3	M,V,L
P285	C	C*05:01	V	V	0	3	M,V,L
P285	C	C*07:02	M	V	1	3	M,V,L
P285	C	C*03:02	V	V	0	3	M,V,L
P285	C	C*03:04	V	V	0	3	M,V,L
P285	C	C*08:01	V	V	0	3	M,V,L
P285	C	C*08:02	V	V	0	3	M,V,L
P285	C	C*02:02	V	V	0	3	M,V,L
P285	C	C*07:04	M	V	1	3	M,V,L
P285	C	C*15:05	V	V	0	3	M,V,L
P285	C	C*12:02	V	V	0	3	M,V,L
P285	C	C*12:03	V	V	0	3	M,V,L
P285	C	C*14:02	V	V	0	3	M,V,L
P285	C	C*04:01	V	V	0	3	M,V,L
P285	C	C*16:02	V	V	0	3	M,V,L
P285	C	C*16:01	V	V	0	3	M,V,L
P285	C	C*01:02	V	V	0	3	M,V,L
P285	C	C*03:03	V	V	0	3	M,V,L
P285	C	C*17:01	L	V	1	3	M,V,L
P285	C	C*08:03	V	V	0	3	M,V,L
P285	C	C*15:02	V	V	0	3	M,V,L
P9	C	C*15:05	Y	F	1	4	Y,S,D,F
P9	C	C*03:04	Y	F	1	4	Y,S,D,F
P9	C	C*04:01	S	F	1	4	Y,S,D,F
P9	C	C*12:03	Y	F	1	4	Y,S,D,F
P9	C	C*16:02	Y	F	1	4	Y,S,D,F
P9	C	C*06:02	D	F	1	4	Y,S,D,F
P9	C	C*17:01	Y	F	1	4	Y,S,D,F
P9	C	C*07:02	D	F	1	4	Y,S,D,F
P9	C	C*16:01	Y	F	1	4	Y,S,D,F
P9	C	C*15:02	Y	F	1	4	Y,S,D,F
P9	C	C*05:01	Y	F	1	4	Y,S,D,F
P9	C	C*07:01	D	F	1	4	Y,S,D,F
P9	C	C*14:02	S	F	1	4	Y,S,D,F
P9	C	C*07:04	D	F	1	4	Y,S,D,F
P9	C	C*03:02	Y	F	1	4	Y,S,D,F
P9	C	C*01:02	F	F	0	4	Y,S,D,F
P9	C	C*12:02	Y	F	1	4	Y,S,D,F
P9	C	C*03:03	Y	F	1	4	Y,S,D,F
P9	C	C*02:02	Y	F	1	4	Y,S,D,F
P9	C	C*08:02	Y	F	1	4	Y,S,D,F
P9	C	C*08:03	Y	F	1	4	Y,S,D,F
P9	C	C*08:01	Y	F	1	4	Y,S,D,F
P95	C	C*14:02	L	L	0	3	L,I,F
P95	C	C*16:02	L	L	0	3	L,I,F
P95	C	C*08:03	L	L	0	3	L,I,F
P95	C	C*15:02	I	L	1	3	L,I,F
P95	C	C*17:01	I	L	1	3	L,I,F
P95	C	C*15:05	I	L	1	3	L,I,F
P95	C	C*12:02	L	L	0	3	L,I,F
P95	C	C*06:02	L	L	0	3	L,I,F
P95	C	C*05:01	L	L	0	3	L,I,F
P95	C	C*02:02	L	L	0	3	L,I,F
P95	C	C*16:01	L	L	0	3	L,I,F
P95	C	C*04:01	L	L	0	3	L,I,F
P95	C	C*07:02	L	L	0	3	L,I,F
P95	C	C*07:04	F	L	1	3	L,I,F
P95	C	C*03:02	L	L	0	3	L,I,F
P95	C	C*03:03	I	L	1	3	L,I,F
P95	C	C*08:01	L	L	0	3	L,I,F
P95	C	C*07:01	L	L	0	3	L,I,F
P95	C	C*12:03	L	L	0	3	L,I,F
P95	C	C*08:02	L	L	0	3	L,I,F
P95	C	C*03:04	I	L	1	3	L,I,F
P95	C	C*01:02	L	L	0	3	L,I,F
P99	C	C*08:01	Y	C	1	4	Y,F,C,S
P99	C	C*15:05	Y	C	1	4	Y,F,C,S
P99	C	C*16:02	Y	C	1	4	Y,F,C,S
P99	C	C*03:02	Y	C	1	4	Y,F,C,S
P99	C	C*02:02	Y	C	1	4	Y,F,C,S
P99	C	C*03:04	Y	C	1	4	Y,F,C,S
P99	C	C*17:01	Y	C	1	4	Y,F,C,S
P99	C	C*12:02	Y	C	1	4	Y,F,C,S
P99	C	C*05:01	Y	C	1	4	Y,F,C,S
P99	C	C*08:02	Y	C	1	4	Y,F,C,S
P99	C	C*04:01	F	C	1	4	Y,F,C,S
P99	C	C*06:02	Y	C	1	4	Y,F,C,S
P99	C	C*07:01	Y	C	1	4	Y,F,C,S
P99	C	C*01:02	C	C	0	4	Y,F,C,S
P99	C	C*12:03	Y	C	1	4	Y,F,C,S
P99	C	C*14:02	F	C	1	4	Y,F,C,S
P99	C	C*07:04	Y	C	1	4	Y,F,C,S
P99	C	C*03:03	Y	C	1	4	Y,F,C,S
P99	C	C*08:03	Y	C	1	4	Y,F,C,S
P99	C	C*15:02	Y	C	1	4	Y,F,C,S
P99	C	C*16:01	Y	C	1	4	Y,F,C,S
P99	C	C*07:02	S	C	1	4	Y,F,C,S
P35	DPB1	DPB1*15:01	Y	Y	0	3	Y,F,L
P35	DPB1	DPB1*16:01	F	Y	1	3	Y,F,L
P35	DPB1	DPB1*14:01	F	Y	1	3	Y,F,L
P35	DPB1	DPB1*10:01	F	Y	1	3	Y,F,L
P35	DPB1	DPB1*03:01	F	Y	1	3	Y,F,L
P35	DPB1	DPB1*06:01	L	Y	1	3	Y,F,L
P35	DPB1	DPB1*01:01	Y	Y	0	3	Y,F,L
P35	DPB1	DPB1*15:01	F	Y	1	3	Y,F,L
P35	DPB1	DPB1*17:01	F	Y	1	3	Y,F,L
P35	DPB1	DPB1*13:01	Y	Y	0	3	Y,F,L
P35	DPB1	DPB1*16:01	Y	Y	0	3	Y,F,L
P35	DPB1	DPB1*05:01	F	Y	1	3	Y,F,L
P35	DPB1	DPB1*14:01	Y	Y	0	3	Y,F,L
P35	DPB1	DPB1*104:01	L	Y	1	3	Y,F,L
P35	DPB1	DPB1*05:01	L	Y	1	3	Y,F,L
P35	DPB1	DPB1*11:01	Y	Y	0	3	Y,F,L
P35	DPB1	DPB1*02:02	L	Y	1	3	Y,F,L
P35	DPB1	DPB1*02:01	F	Y	1	3	Y,F,L
P35	DPB1	DPB1*04:01	F	Y	1	3	Y,F,L
P35	DPB1	DPB1*04:02	F	Y	1	3	Y,F,L
P35	DPB1	DPB1*104:01	F	Y	1	3	Y,F,L
P35	DPB1	DPB1*06:01	F	Y	1	3	Y,F,L
P35	DPB1	DPB1*11:01	F	Y	1	3	Y,F,L
P55	DPB1	DPB1*06:01	E	A	1	3	E,D,A
P55	DPB1	DPB1*06:01	D	A	1	3	E,D,A
P55	DPB1	DPB1*104:01	E	A	1	3	E,D,A
P55	DPB1	DPB1*16:01	A	A	0	3	E,D,A
P55	DPB1	DPB1*04:02	D	A	1	3	E,D,A
P55	DPB1	DPB1*10:01	D	A	1	3	E,D,A
P55	DPB1	DPB1*04:02	A	A	0	3	E,D,A
P55	DPB1	DPB1*14:01	D	A	1	3	E,D,A
P55	DPB1	DPB1*15:01	D	A	1	3	E,D,A
P55	DPB1	DPB1*05:01	D	A	1	3	E,D,A
P55	DPB1	DPB1*16:01	D	A	1	3	E,D,A
P55	DPB1	DPB1*03:01	D	A	1	3	E,D,A
P55	DPB1	DPB1*04:01	A	A	0	3	E,D,A
P55	DPB1	DPB1*11:01	D	A	1	3	E,D,A
P55	DPB1	DPB1*05:01	E	A	1	3	E,D,A
P55	DPB1	DPB1*02:02	E	A	1	3	E,D,A
P55	DPB1	DPB1*02:01	D	A	1	3	E,D,A
P55	DPB1	DPB1*13:01	A	A	0	3	E,D,A
P55	DPB1	DPB1*11:01	A	A	0	3	E,D,A
P55	DPB1	DPB1*104:01	A	A	0	3	E,D,A
P55	DPB1	DPB1*17:01	D	A	1	3	E,D,A
P55	DPB1	DPB1*104:01	D	A	1	3	E,D,A
P55	DPB1	DPB1*14:01	A	A	0	3	E,D,A
P55	DPB1	DPB1*01:01	A	A	0	3	E,D,A
P55	DPB1	DPB1*15:01	A	A	0	3	E,D,A
P68	DPB1	DPB1*03:01	K	K	0	3	K,E,R
P68	DPB1	DPB1*05:01	K	K	0	3	K,E,R
P68	DPB1	DPB1*10:01	E	K	1	3	K,E,R
P68	DPB1	DPB1*15:01	K	K	0	3	K,E,R
P68	DPB1	DPB1*14:01	E	K	1	3	K,E,R
P68	DPB1	DPB1*06:01	K	K	0	3	K,E,R
P68	DPB1	DPB1*06:01	E	K	1	3	K,E,R
P68	DPB1	DPB1*17:01	E	K	1	3	K,E,R
P68	DPB1	DPB1*104:01	E	K	1	3	K,E,R
P68	DPB1	DPB1*04:02	K	K	0	3	K,E,R
P68	DPB1	DPB1*104:01	K	K	0	3	K,E,R
P68	DPB1	DPB1*02:02	E	K	1	3	K,E,R
P68	DPB1	DPB1*14:01	K	K	0	3	K,E,R
P68	DPB1	DPB1*15:01	R	K	1	3	K,E,R
P68	DPB1	DPB1*16:01	R	K	1	3	K,E,R
P68	DPB1	DPB1*16:01	E	K	1	3	K,E,R
P68	DPB1	DPB1*04:01	K	K	0	3	K,E,R
P68	DPB1	DPB1*13:01	E	K	1	3	K,E,R
P68	DPB1	DPB1*02:01	E	K	1	3	K,E,R
P68	DPB1	DPB1*01:01	K	K	0	3	K,E,R
P68	DPB1	DPB1*13:01	R	K	1	3	K,E,R
P68	DPB1	DPB1*11:01	R	K	1	3	K,E,R
P68	DPB1	DPB1*11:01	E	K	1	3	K,E,R
P75	DPB1	DPB1*03:01	V	V	0	3	V,M,I
P75	DPB1	DPB1*06:01	M	V	1	3	V,M,I
P75	DPB1	DPB1*15:01	M	V	1	3	V,M,I
P75	DPB1	DPB1*104:01	V	V	0	3	V,M,I
P75	DPB1	DPB1*11:01	M	V	1	3	V,M,I
P75	DPB1	DPB1*10:01	V	V	0	3	V,M,I
P75	DPB1	DPB1*17:01	M	V	1	3	V,M,I
P75	DPB1	DPB1*05:01	M	V	1	3	V,M,I
P75	DPB1	DPB1*14:01	I	V	1	3	V,M,I
P75	DPB1	DPB1*13:01	M	V	1	3	V,M,I
P75	DPB1	DPB1*01:01	V	V	0	3	V,M,I
P75	DPB1	DPB1*04:02	M	V	1	3	V,M,I
P75	DPB1	DPB1*15:01	V	V	0	3	V,M,I
P75	DPB1	DPB1*04:01	M	V	1	3	V,M,I
P75	DPB1	DPB1*104:01	M	V	1	3	V,M,I
P75	DPB1	DPB1*02:02	M	V	1	3	V,M,I
P75	DPB1	DPB1*02:01	M	V	1	3	V,M,I
P75	DPB1	DPB1*13:01	I	V	1	3	V,M,I
P75	DPB1	DPB1*16:01	M	V	1	3	V,M,I
P75	DPB1	DPB1*14:01	V	V	0	3	V,M,I
P75	DPB1	DPB1*11:01	V	V	0	3	V,M,I
P83	DPB1	DPB1*15:01	D	D	0	3	D,G,V
P83	DPB1	DPB1*17:01	D	D	0	3	D,G,V
P83	DPB1	DPB1*02:02	G	D	1	3	D,G,V
P83	DPB1	DPB1*04:01	G	D	1	3	D,G,V
P83	DPB1	DPB1*06:01	D	D	0	3	D,G,V
P83	DPB1	DPB1*03:01	D	D	0	3	D,G,V
P83	DPB1	DPB1*15:01	V	D	1	3	D,G,V
P83	DPB1	DPB1*01:01	D	D	0	3	D,G,V
P83	DPB1	DPB1*04:02	G	D	1	3	D,G,V
P83	DPB1	DPB1*16:01	D	D	0	3	D,G,V
P83	DPB1	DPB1*11:01	D	D	0	3	D,G,V
P83	DPB1	DPB1*104:01	D	D	0	3	D,G,V
P83	DPB1	DPB1*13:01	D	D	0	3	D,G,V
P83	DPB1	DPB1*104:01	G	D	1	3	D,G,V
P83	DPB1	DPB1*02:01	G	D	1	3	D,G,V
P83	DPB1	DPB1*16:01	V	D	1	3	D,G,V
P83	DPB1	DPB1*05:01	G	D	1	3	D,G,V
P83	DPB1	DPB1*10:01	D	D	0	3	D,G,V
P83	DPB1	DPB1*05:01	D	D	0	3	D,G,V
P83	DPB1	DPB1*14:01	D	D	0	3	D,G,V
P9	DPB1	DPB1*06:01	Y	Y	0	3	Y,F,H
P9	DPB1	DPB1*04:02	F	Y	1	3	Y,F,H
P9	DPB1	DPB1*05:01	F	Y	1	3	Y,F,H
P9	DPB1	DPB1*15:01	Y	Y	0	3	Y,F,H
P9	DPB1	DPB1*13:01	Y	Y	0	3	Y,F,H
P9	DPB1	DPB1*11:01	H	Y	1	3	Y,F,H
P9	DPB1	DPB1*11:01	Y	Y	0	3	Y,F,H
P9	DPB1	DPB1*15:01	H	Y	1	3	Y,F,H
P9	DPB1	DPB1*16:01	F	Y	1	3	Y,F,H
P9	DPB1	DPB1*01:01	Y	Y	0	3	Y,F,H
P9	DPB1	DPB1*104:01	F	Y	1	3	Y,F,H
P9	DPB1	DPB1*10:01	H	Y	1	3	Y,F,H
P9	DPB1	DPB1*104:01	Y	Y	0	3	Y,F,H
P9	DPB1	DPB1*14:01	Y	Y	0	3	Y,F,H
P9	DPB1	DPB1*16:01	Y	Y	0	3	Y,F,H
P9	DPB1	DPB1*14:01	H	Y	1	3	Y,F,H
P9	DPB1	DPB1*17:01	F	Y	1	3	Y,F,H
P9	DPB1	DPB1*03:01	Y	Y	0	3	Y,F,H
P9	DPB1	DPB1*02:02	F	Y	1	3	Y,F,H
P9	DPB1	DPB1*02:01	F	Y	1	3	Y,F,H
P9	DPB1	DPB1*17:01	H	Y	1	3	Y,F,H
P9	DPB1	DPB1*06:01	F	Y	1	3	Y,F,H
P9	DPB1	DPB1*04:01	F	Y	1	3	Y,F,H
P175	DQA1	DQA1*01:05	Q	Q	0	3	Q,K,E
P175	DQA1	DQA1*01:04	Q	Q	0	3	Q,K,E
P175	DQA1	DQA1*05:05	K	Q	1	3	Q,K,E
P175	DQA1	DQA1*01:01	Q	Q	0	3	Q,K,E
P175	DQA1	DQA1*01:02	Q	Q	0	3	Q,K,E
P175	DQA1	DQA1*03:01	E	Q	1	3	Q,K,E
P175	DQA1	DQA1*02:01	E	Q	1	3	Q,K,E
P175	DQA1	DQA1*04:01	E	Q	1	3	Q,K,E
P175	DQA1	DQA1*03:02	E	Q	1	3	Q,K,E
P175	DQA1	DQA1*01:03	Q	Q	0	3	Q,K,E
P175	DQA1	DQA1*03:03	E	Q	1	3	Q,K,E
P175	DQA1	DQA1*06:01	E	Q	1	3	Q,K,E
P175	DQA1	DQA1*05:01	K	Q	1	3	Q,K,E
P47	DQA1	DQA1*02:01	K	R	1	4	K,C,R,Q
P47	DQA1	DQA1*04:01	C	R	1	4	K,C,R,Q
P47	DQA1	DQA1*05:05	C	R	1	4	K,C,R,Q
P47	DQA1	DQA1*06:01	C	R	1	4	K,C,R,Q
P47	DQA1	DQA1*01:03	R	R	0	4	K,C,R,Q
P47	DQA1	DQA1*03:01	Q	R	1	4	K,C,R,Q
P47	DQA1	DQA1*01:04	R	R	0	4	K,C,R,Q
P47	DQA1	DQA1*01:01	R	R	0	4	K,C,R,Q
P47	DQA1	DQA1*01:02	R	R	0	4	K,C,R,Q
P47	DQA1	DQA1*03:02	Q	R	1	4	K,C,R,Q
P47	DQA1	DQA1*01:05	R	R	0	4	K,C,R,Q
P47	DQA1	DQA1*03:03	Q	R	1	4	K,C,R,Q
P47	DQA1	DQA1*05:01	C	R	1	4	K,C,R,Q
P50	DQA1	DQA1*01:02	E	E	0	3	E,V,L
P50	DQA1	DQA1*01:05	E	E	0	3	E,V,L
P50	DQA1	DQA1*05:05	V	E	1	3	E,V,L
P50	DQA1	DQA1*03:03	L	E	1	3	E,V,L
P50	DQA1	DQA1*01:03	E	E	0	3	E,V,L
P50	DQA1	DQA1*04:01	V	E	1	3	E,V,L
P50	DQA1	DQA1*01:04	E	E	0	3	E,V,L
P50	DQA1	DQA1*03:02	L	E	1	3	E,V,L
P50	DQA1	DQA1*01:01	E	E	0	3	E,V,L
P50	DQA1	DQA1*06:01	V	E	1	3	E,V,L
P50	DQA1	DQA1*02:01	L	E	1	3	E,V,L
P50	DQA1	DQA1*03:01	L	E	1	3	E,V,L
P50	DQA1	DQA1*05:01	V	E	1	3	E,V,L
P52	DQA1	DQA1*01:01	S	S	0	3	S,R,H
P52	DQA1	DQA1*01:02	S	S	0	3	S,R,H
P52	DQA1	DQA1*05:05	R	S	1	3	S,R,H
P52	DQA1	DQA1*02:01	H	S	1	3	S,R,H
P52	DQA1	DQA1*03:03	R	S	1	3	S,R,H
P52	DQA1	DQA1*04:01	R	S	1	3	S,R,H
P52	DQA1	DQA1*01:05	S	S	0	3	S,R,H
P52	DQA1	DQA1*05:01	R	S	1	3	S,R,H
P52	DQA1	DQA1*03:01	R	S	1	3	S,R,H
P52	DQA1	DQA1*06:01	R	S	1	3	S,R,H
P52	DQA1	DQA1*03:02	R	S	1	3	S,R,H
P52	DQA1	DQA1*01:03	S	S	0	3	S,R,H
P52	DQA1	DQA1*01:04	S	S	0	3	S,R,H
P53	DQA1	DQA1*02:01	R	K	1	3	R,Q,K
P53	DQA1	DQA1*05:05	Q	K	1	3	R,Q,K
P53	DQA1	DQA1*01:02	K	K	0	3	R,Q,K
P53	DQA1	DQA1*01:05	K	K	0	3	R,Q,K
P53	DQA1	DQA1*03:01	R	K	1	3	R,Q,K
P53	DQA1	DQA1*04:01	Q	K	1	3	R,Q,K
P53	DQA1	DQA1*01:04	K	K	0	3	R,Q,K
P53	DQA1	DQA1*03:02	R	K	1	3	R,Q,K
P53	DQA1	DQA1*05:01	Q	K	1	3	R,Q,K
P53	DQA1	DQA1*01:01	K	K	0	3	R,Q,K
P53	DQA1	DQA1*06:01	Q	K	1	3	R,Q,K
P53	DQA1	DQA1*01:03	K	K	0	3	R,Q,K
P53	DQA1	DQA1*03:03	R	K	1	3	R,Q,K
P56	DQA1	DQA1*01:02	G	G	0	3	G,.,R
P56	DQA1	DQA1*06:01	.	G	1	3	G,.,R
P56	DQA1	DQA1*04:01	.	G	1	3	G,.,R
P56	DQA1	DQA1*01:01	G	G	0	3	G,.,R
P56	DQA1	DQA1*01:05	G	G	0	3	G,.,R
P56	DQA1	DQA1*03:02	R	G	1	3	G,.,R
P56	DQA1	DQA1*05:05	.	G	1	3	G,.,R
P56	DQA1	DQA1*03:03	R	G	1	3	G,.,R
P56	DQA1	DQA1*01:03	G	G	0	3	G,.,R
P56	DQA1	DQA1*02:01	.	G	1	3	G,.,R
P56	DQA1	DQA1*03:01	R	G	1	3	G,.,R
P56	DQA1	DQA1*05:01	.	G	1	3	G,.,R
P56	DQA1	DQA1*01:04	G	G	0	3	G,.,R
P69	DQA1	DQA1*03:02	L	A	1	3	L,T,A
P69	DQA1	DQA1*04:01	T	A	1	3	L,T,A
P69	DQA1	DQA1*01:01	A	A	0	3	L,T,A
P69	DQA1	DQA1*01:03	A	A	0	3	L,T,A
P69	DQA1	DQA1*03:03	L	A	1	3	L,T,A
P69	DQA1	DQA1*03:01	L	A	1	3	L,T,A
P69	DQA1	DQA1*01:04	A	A	0	3	L,T,A
P69	DQA1	DQA1*05:01	L	A	1	3	L,T,A
P69	DQA1	DQA1*01:02	A	A	0	3	L,T,A
P69	DQA1	DQA1*06:01	T	A	1	3	L,T,A
P69	DQA1	DQA1*02:01	L	A	1	3	L,T,A
P69	DQA1	DQA1*01:05	A	A	0	3	L,T,A
P69	DQA1	DQA1*05:05	L	A	1	3	L,T,A
P76	DQA1	DQA1*03:01	V	M	1	3	V,M,L
P76	DQA1	DQA1*01:05	M	M	0	3	V,M,L
P76	DQA1	DQA1*01:03	M	M	0	3	V,M,L
P76	DQA1	DQA1*04:01	L	M	1	3	V,M,L
P76	DQA1	DQA1*05:01	L	M	1	3	V,M,L
P76	DQA1	DQA1*01:04	M	M	0	3	V,M,L
P76	DQA1	DQA1*06:01	L	M	1	3	V,M,L
P76	DQA1	DQA1*01:01	M	M	0	3	V,M,L
P76	DQA1	DQA1*03:02	V	M	1	3	V,M,L
P76	DQA1	DQA1*02:01	L	M	1	3	V,M,L
P76	DQA1	DQA1*05:05	L	M	1	3	V,M,L
P76	DQA1	DQA1*01:02	M	M	0	3	V,M,L
P76	DQA1	DQA1*03:03	V	M	1	3	V,M,L
P-4	DQB1	DQB1*05:03	S	S	0	3	S,L,P
P-4	DQB1	DQB1*05:01	S	S	0	3	S,L,P
P-4	DQB1	DQB1*06:09	L	S	1	3	S,L,P
P-4	DQB1	DQB1*05:02	S	S	0	3	S,L,P
P-4	DQB1	DQB1*06:04	L	S	1	3	S,L,P
P-4	DQB1	DQB1*03:03	P	S	1	3	S,L,P
P-4	DQB1	DQB1*03:01	P	S	1	3	S,L,P
P-4	DQB1	DQB1*02:02	P	S	1	3	S,L,P
P-4	DQB1	DQB1*06:02	L	S	1	3	S,L,P
P-4	DQB1	DQB1*02:01	P	S	1	3	S,L,P
P-4	DQB1	DQB1*04:01	P	S	1	3	S,L,P
P-4	DQB1	DQB1*06:03	L	S	1	3	S,L,P
P-4	DQB1	DQB1*03:05	P	S	1	3	S,L,P
P-4	DQB1	DQB1*03:02	P	S	1	3	S,L,P
P-4	DQB1	DQB1*06:01	P	S	1	3	S,L,P
P-4	DQB1	DQB1*04:02	P	S	1	3	S,L,P
P125	DQB1	DQB1*03:05	A	S	1	3	A,G,S
P125	DQB1	DQB1*03:03	A	S	1	3	A,G,S
P125	DQB1	DQB1*04:01	A	S	1	3	A,G,S
P125	DQB1	DQB1*03:02	A	S	1	3	A,G,S
P125	DQB1	DQB1*02:02	A	S	1	3	A,G,S
P125	DQB1	DQB1*02:01	A	S	1	3	A,G,S
P125	DQB1	DQB1*04:02	A	S	1	3	A,G,S
P125	DQB1	DQB1*03:01	A	S	1	3	A,G,S
P125	DQB1	DQB1*06:03	G	S	1	3	A,G,S
P125	DQB1	DQB1*05:03	S	S	0	3	A,G,S
P125	DQB1	DQB1*05:02	S	S	0	3	A,G,S
P125	DQB1	DQB1*06:01	G	S	1	3	A,G,S
P125	DQB1	DQB1*06:04	G	S	1	3	A,G,S
P125	DQB1	DQB1*05:01	S	S	0	3	A,G,S
P125	DQB1	DQB1*06:02	G	S	1	3	A,G,S
P125	DQB1	DQB1*06:09	G	S	1	3	A,G,S
P26	DQB1	DQB1*06:03	L	G	1	3	L,G,Y
P26	DQB1	DQB1*02:02	L	G	1	3	L,G,Y
P26	DQB1	DQB1*04:02	G	G	0	3	L,G,Y
P26	DQB1	DQB1*05:02	G	G	0	3	L,G,Y
P26	DQB1	DQB1*03:05	G	G	0	3	L,G,Y
P26	DQB1	DQB1*03:03	L	G	1	3	L,G,Y
P26	DQB1	DQB1*03:01	Y	G	1	3	L,G,Y
P26	DQB1	DQB1*02:01	L	G	1	3	L,G,Y
P26	DQB1	DQB1*05:03	G	G	0	3	L,G,Y
P26	DQB1	DQB1*04:01	G	G	0	3	L,G,Y
P26	DQB1	DQB1*06:04	L	G	1	3	L,G,Y
P26	DQB1	DQB1*06:02	L	G	1	3	L,G,Y
P26	DQB1	DQB1*05:01	G	G	0	3	L,G,Y
P26	DQB1	DQB1*03:02	L	G	1	3	L,G,Y
P26	DQB1	DQB1*06:01	Y	G	1	3	L,G,Y
P26	DQB1	DQB1*06:09	L	G	1	3	L,G,Y
P30	DQB1	DQB1*04:01	Y	H	1	3	Y,H,S
P30	DQB1	DQB1*03:01	Y	H	1	3	Y,H,S
P30	DQB1	DQB1*04:02	Y	H	1	3	Y,H,S
P30	DQB1	DQB1*03:03	Y	H	1	3	Y,H,S
P30	DQB1	DQB1*03:05	Y	H	1	3	Y,H,S
P30	DQB1	DQB1*03:02	Y	H	1	3	Y,H,S
P30	DQB1	DQB1*05:01	H	H	0	3	Y,H,S
P30	DQB1	DQB1*05:03	H	H	0	3	Y,H,S
P30	DQB1	DQB1*02:02	S	H	1	3	Y,H,S
P30	DQB1	DQB1*06:02	Y	H	1	3	Y,H,S
P30	DQB1	DQB1*06:04	H	H	0	3	Y,H,S
P30	DQB1	DQB1*02:01	S	H	1	3	Y,H,S
P30	DQB1	DQB1*06:09	Y	H	1	3	Y,H,S
P30	DQB1	DQB1*06:01	Y	H	1	3	Y,H,S
P30	DQB1	DQB1*05:02	H	H	0	3	Y,H,S
P30	DQB1	DQB1*06:03	H	H	0	3	Y,H,S
P37	DQB1	DQB1*06:02	Y	Y	0	3	Y,D,I
P37	DQB1	DQB1*06:01	D	Y	1	3	Y,D,I
P37	DQB1	DQB1*06:03	Y	Y	0	3	Y,D,I
P37	DQB1	DQB1*06:04	Y	Y	0	3	Y,D,I
P37	DQB1	DQB1*05:02	Y	Y	0	3	Y,D,I
P37	DQB1	DQB1*02:01	I	Y	1	3	Y,D,I
P37	DQB1	DQB1*05:03	Y	Y	0	3	Y,D,I
P37	DQB1	DQB1*03:05	Y	Y	0	3	Y,D,I
P37	DQB1	DQB1*04:01	Y	Y	0	3	Y,D,I
P37	DQB1	DQB1*04:02	Y	Y	0	3	Y,D,I
P37	DQB1	DQB1*02:02	I	Y	1	3	Y,D,I
P37	DQB1	DQB1*05:01	Y	Y	0	3	Y,D,I
P37	DQB1	DQB1*03:03	Y	Y	0	3	Y,D,I
P37	DQB1	DQB1*03:02	Y	Y	0	3	Y,D,I
P37	DQB1	DQB1*03:01	Y	Y	0	3	Y,D,I
P37	DQB1	DQB1*06:09	Y	Y	0	3	Y,D,I
P55	DQB1	DQB1*03:03	P	R	1	3	P,L,R
P55	DQB1	DQB1*02:02	L	R	1	3	P,L,R
P55	DQB1	DQB1*03:05	P	R	1	3	P,L,R
P55	DQB1	DQB1*02:01	L	R	1	3	P,L,R
P55	DQB1	DQB1*03:02	P	R	1	3	P,L,R
P55	DQB1	DQB1*05:02	R	R	0	3	P,L,R
P55	DQB1	DQB1*04:01	R	R	0	3	P,L,R
P55	DQB1	DQB1*04:02	R	R	0	3	P,L,R
P55	DQB1	DQB1*06:01	R	R	0	3	P,L,R
P55	DQB1	DQB1*03:01	P	R	1	3	P,L,R
P55	DQB1	DQB1*06:09	R	R	0	3	P,L,R
P55	DQB1	DQB1*05:01	R	R	0	3	P,L,R
P55	DQB1	DQB1*06:04	R	R	0	3	P,L,R
P55	DQB1	DQB1*06:02	R	R	0	3	P,L,R
P55	DQB1	DQB1*06:03	R	R	0	3	P,L,R
P55	DQB1	DQB1*05:03	R	R	0	3	P,L,R
P57	DQB1	DQB1*06:01	D	V	1	4	D,A,V,S
P57	DQB1	DQB1*02:02	A	V	1	4	D,A,V,S
P57	DQB1	DQB1*03:05	A	V	1	4	D,A,V,S
P57	DQB1	DQB1*04:02	D	V	1	4	D,A,V,S
P57	DQB1	DQB1*03:03	D	V	1	4	D,A,V,S
P57	DQB1	DQB1*04:01	D	V	1	4	D,A,V,S
P57	DQB1	DQB1*03:01	D	V	1	4	D,A,V,S
P57	DQB1	DQB1*06:09	V	V	0	4	D,A,V,S
P57	DQB1	DQB1*03:02	A	V	1	4	D,A,V,S
P57	DQB1	DQB1*05:03	D	V	1	4	D,A,V,S
P57	DQB1	DQB1*05:01	V	V	0	4	D,A,V,S
P57	DQB1	DQB1*05:02	S	V	1	4	D,A,V,S
P57	DQB1	DQB1*02:01	A	V	1	4	D,A,V,S
P57	DQB1	DQB1*06:04	V	V	0	4	D,A,V,S
P57	DQB1	DQB1*06:02	D	V	1	4	D,A,V,S
P57	DQB1	DQB1*06:03	D	V	1	4	D,A,V,S
P70	DQB1	DQB1*03:03	R	G	1	3	R,G,E
P70	DQB1	DQB1*03:01	R	G	1	3	R,G,E
P70	DQB1	DQB1*03:05	R	G	1	3	R,G,E
P70	DQB1	DQB1*06:01	R	G	1	3	R,G,E
P70	DQB1	DQB1*06:04	R	G	1	3	R,G,E
P70	DQB1	DQB1*05:03	G	G	0	3	R,G,E
P70	DQB1	DQB1*06:09	R	G	1	3	R,G,E
P70	DQB1	DQB1*02:01	R	G	1	3	R,G,E
P70	DQB1	DQB1*05:02	G	G	0	3	R,G,E
P70	DQB1	DQB1*06:02	G	G	0	3	R,G,E
P70	DQB1	DQB1*04:02	E	G	1	3	R,G,E
P70	DQB1	DQB1*02:02	R	G	1	3	R,G,E
P70	DQB1	DQB1*05:01	G	G	0	3	R,G,E
P70	DQB1	DQB1*03:02	R	G	1	3	R,G,E
P70	DQB1	DQB1*04:01	E	G	1	3	R,G,E
P70	DQB1	DQB1*06:03	G	G	0	3	R,G,E
P71	DQB1	DQB1*06:01	T	A	1	4	T,K,D,A
P71	DQB1	DQB1*02:01	K	A	1	4	T,K,D,A
P71	DQB1	DQB1*03:05	T	A	1	4	T,K,D,A
P71	DQB1	DQB1*02:02	K	A	1	4	T,K,D,A
P71	DQB1	DQB1*04:02	D	A	1	4	T,K,D,A
P71	DQB1	DQB1*06:04	T	A	1	4	T,K,D,A
P71	DQB1	DQB1*06:09	T	A	1	4	T,K,D,A
P71	DQB1	DQB1*03:03	T	A	1	4	T,K,D,A
P71	DQB1	DQB1*05:01	A	A	0	4	T,K,D,A
P71	DQB1	DQB1*06:03	T	A	1	4	T,K,D,A
P71	DQB1	DQB1*03:01	T	A	1	4	T,K,D,A
P71	DQB1	DQB1*05:03	A	A	0	4	T,K,D,A
P71	DQB1	DQB1*03:02	T	A	1	4	T,K,D,A
P71	DQB1	DQB1*06:02	T	A	1	4	T,K,D,A
P71	DQB1	DQB1*04:01	D	A	1	4	T,K,D,A
P71	DQB1	DQB1*05:02	A	A	0	4	T,K,D,A
P74	DQB1	DQB1*05:01	S	S	0	3	S,E,A
P74	DQB1	DQB1*03:01	E	S	1	3	S,E,A
P74	DQB1	DQB1*03:03	E	S	1	3	S,E,A
P74	DQB1	DQB1*02:02	A	S	1	3	S,E,A
P74	DQB1	DQB1*05:03	S	S	0	3	S,E,A
P74	DQB1	DQB1*06:04	E	S	1	3	S,E,A
P74	DQB1	DQB1*06:02	E	S	1	3	S,E,A
P74	DQB1	DQB1*04:02	S	S	0	3	S,E,A
P74	DQB1	DQB1*04:01	S	S	0	3	S,E,A
P74	DQB1	DQB1*05:02	S	S	0	3	S,E,A
P74	DQB1	DQB1*03:05	E	S	1	3	S,E,A
P74	DQB1	DQB1*06:09	E	S	1	3	S,E,A
P74	DQB1	DQB1*02:01	A	S	1	3	S,E,A
P74	DQB1	DQB1*03:02	E	S	1	3	S,E,A
P74	DQB1	DQB1*06:01	E	S	1	3	S,E,A
P74	DQB1	DQB1*06:03	E	S	1	3	S,E,A
P86	DQB1	DQB1*06:01	A	A	0	3	A,E,G
P86	DQB1	DQB1*04:01	E	A	1	3	A,E,G
P86	DQB1	DQB1*03:05	E	A	1	3	A,E,G
P86	DQB1	DQB1*03:01	E	A	1	3	A,E,G
P86	DQB1	DQB1*05:01	A	A	0	3	A,E,G
P86	DQB1	DQB1*02:02	E	A	1	3	A,E,G
P86	DQB1	DQB1*06:09	G	A	1	3	A,E,G
P86	DQB1	DQB1*03:03	E	A	1	3	A,E,G
P86	DQB1	DQB1*02:01	E	A	1	3	A,E,G
P86	DQB1	DQB1*03:02	E	A	1	3	A,E,G
P86	DQB1	DQB1*05:02	A	A	0	3	A,E,G
P86	DQB1	DQB1*06:03	A	A	0	3	A,E,G
P86	DQB1	DQB1*05:03	A	A	0	3	A,E,G
P86	DQB1	DQB1*06:02	A	A	0	3	A,E,G
P86	DQB1	DQB1*06:04	G	A	1	3	A,E,G
P86	DQB1	DQB1*04:02	E	A	1	3	A,E,G
P87	DQB1	DQB1*06:09	Y	Y	0	3	Y,L,F
P87	DQB1	DQB1*02:01	L	Y	1	3	Y,L,F
P87	DQB1	DQB1*06:01	F	Y	1	3	Y,L,F
P87	DQB1	DQB1*03:02	L	Y	1	3	Y,L,F
P87	DQB1	DQB1*03:03	L	Y	1	3	Y,L,F
P87	DQB1	DQB1*05:03	Y	Y	0	3	Y,L,F
P87	DQB1	DQB1*05:01	Y	Y	0	3	Y,L,F
P87	DQB1	DQB1*05:02	Y	Y	0	3	Y,L,F
P87	DQB1	DQB1*06:03	F	Y	1	3	Y,L,F
P87	DQB1	DQB1*03:05	L	Y	1	3	Y,L,F
P87	DQB1	DQB1*03:01	L	Y	1	3	Y,L,F
P87	DQB1	DQB1*06:04	Y	Y	0	3	Y,L,F
P87	DQB1	DQB1*04:02	L	Y	1	3	Y,L,F
P87	DQB1	DQB1*06:02	F	Y	1	3	Y,L,F
P87	DQB1	DQB1*02:02	L	Y	1	3	Y,L,F
P87	DQB1	DQB1*04:01	L	Y	1	3	Y,L,F
P9	DQB1	DQB1*06:03	Y	Y	0	3	Y,F,L
P9	DQB1	DQB1*05:03	Y	Y	0	3	Y,F,L
P9	DQB1	DQB1*05:01	Y	Y	0	3	Y,F,L
P9	DQB1	DQB1*05:02	Y	Y	0	3	Y,F,L
P9	DQB1	DQB1*06:09	Y	Y	0	3	Y,F,L
P9	DQB1	DQB1*03:01	Y	Y	0	3	Y,F,L
P9	DQB1	DQB1*06:04	Y	Y	0	3	Y,F,L
P9	DQB1	DQB1*02:02	Y	Y	0	3	Y,F,L
P9	DQB1	DQB1*04:01	F	Y	1	3	Y,F,L
P9	DQB1	DQB1*06:01	L	Y	1	3	Y,F,L
P9	DQB1	DQB1*03:05	Y	Y	0	3	Y,F,L
P9	DQB1	DQB1*06:02	F	Y	1	3	Y,F,L
P9	DQB1	DQB1*03:03	Y	Y	0	3	Y,F,L
P9	DQB1	DQB1*02:01	Y	Y	0	3	Y,F,L
P9	DQB1	DQB1*04:02	F	Y	1	3	Y,F,L
P9	DQB1	DQB1*03:02	Y	Y	0	3	Y,F,L
P10	DRB1	DRB1*08:01	Y	Q	1	3	Y,Q,E
P10	DRB1	DRB1*12:01	Y	Q	1	3	Y,Q,E
P10	DRB1	DRB1*11:01	Y	Q	1	3	Y,Q,E
P10	DRB1	DRB1*12:02	Y	Q	1	3	Y,Q,E
P10	DRB1	DRB1*08:02	Y	Q	1	3	Y,Q,E
P10	DRB1	DRB1*14:01	Y	Q	1	3	Y,Q,E
P10	DRB1	DRB1*04:05	Q	Q	0	3	Y,Q,E
P10	DRB1	DRB1*03:01	Y	Q	1	3	Y,Q,E
P10	DRB1	DRB1*14:02	Y	Q	1	3	Y,Q,E
P10	DRB1	DRB1*14:04	Y	Q	1	3	Y,Q,E
P10	DRB1	DRB1*14:54	Y	Q	1	3	Y,Q,E
P10	DRB1	DRB1*04:04	Q	Q	0	3	Y,Q,E
P10	DRB1	DRB1*15:02	Q	Q	0	3	Y,Q,E
P10	DRB1	DRB1*15:03	Q	Q	0	3	Y,Q,E
P10	DRB1	DRB1*13:02	Y	Q	1	3	Y,Q,E
P10	DRB1	DRB1*08:03	Y	Q	1	3	Y,Q,E
P10	DRB1	DRB1*15:01	Q	Q	0	3	Y,Q,E
P10	DRB1	DRB1*01:03	Q	Q	0	3	Y,Q,E
P10	DRB1	DRB1*10:01	E	Q	1	3	Y,Q,E
P10	DRB1	DRB1*13:01	Y	Q	1	3	Y,Q,E
P10	DRB1	DRB1*11:02	Y	Q	1	3	Y,Q,E
P10	DRB1	DRB1*08:04	Y	Q	1	3	Y,Q,E
P10	DRB1	DRB1*01:01	Q	Q	0	3	Y,Q,E
P10	DRB1	DRB1*16:01	Q	Q	0	3	Y,Q,E
P10	DRB1	DRB1*13:05	Y	Q	1	3	Y,Q,E
P10	DRB1	DRB1*07:01	Q	Q	0	3	Y,Q,E
P10	DRB1	DRB1*16:02	Q	Q	0	3	Y,Q,E
P10	DRB1	DRB1*01:02	Q	Q	0	3	Y,Q,E
P10	DRB1	DRB1*04:01	Q	Q	0	3	Y,Q,E
P10	DRB1	DRB1*11:03	Y	Q	1	3	Y,Q,E
P10	DRB1	DRB1*13:03	Y	Q	1	3	Y,Q,E
P10	DRB1	DRB1*04:03	Q	Q	0	3	Y,Q,E
P10	DRB1	DRB1*04:07	Q	Q	0	3	Y,Q,E
P10	DRB1	DRB1*04:08	Q	Q	0	3	Y,Q,E
P10	DRB1	DRB1*14:07	Y	Q	1	3	Y,Q,E
P10	DRB1	DRB1*09:01	Q	Q	0	3	Y,Q,E
P10	DRB1	DRB1*04:02	Q	Q	0	3	Y,Q,E
P10	DRB1	DRB1*11:04	Y	Q	1	3	Y,Q,E
P11	DRB1	DRB1*12:02	S	L	1	6	S,V,P,L,G,D
P11	DRB1	DRB1*03:01	S	L	1	6	S,V,P,L,G,D
P11	DRB1	DRB1*14:02	S	L	1	6	S,V,P,L,G,D
P11	DRB1	DRB1*04:05	V	L	1	6	S,V,P,L,G,D
P11	DRB1	DRB1*11:01	S	L	1	6	S,V,P,L,G,D
P11	DRB1	DRB1*08:01	S	L	1	6	S,V,P,L,G,D
P11	DRB1	DRB1*08:03	S	L	1	6	S,V,P,L,G,D
P11	DRB1	DRB1*15:03	P	L	1	6	S,V,P,L,G,D
P11	DRB1	DRB1*04:04	V	L	1	6	S,V,P,L,G,D
P11	DRB1	DRB1*13:01	S	L	1	6	S,V,P,L,G,D
P11	DRB1	DRB1*01:03	L	L	0	6	S,V,P,L,G,D
P11	DRB1	DRB1*12:01	S	L	1	6	S,V,P,L,G,D
P11	DRB1	DRB1*04:07	V	L	1	6	S,V,P,L,G,D
P11	DRB1	DRB1*14:01	S	L	1	6	S,V,P,L,G,D
P11	DRB1	DRB1*01:01	L	L	0	6	S,V,P,L,G,D
P11	DRB1	DRB1*15:02	P	L	1	6	S,V,P,L,G,D
P11	DRB1	DRB1*08:02	S	L	1	6	S,V,P,L,G,D
P11	DRB1	DRB1*04:01	V	L	1	6	S,V,P,L,G,D
P11	DRB1	DRB1*04:08	V	L	1	6	S,V,P,L,G,D
P11	DRB1	DRB1*15:01	P	L	1	6	S,V,P,L,G,D
P11	DRB1	DRB1*13:02	S	L	1	6	S,V,P,L,G,D
P11	DRB1	DRB1*14:04	S	L	1	6	S,V,P,L,G,D
P11	DRB1	DRB1*13:05	S	L	1	6	S,V,P,L,G,D
P11	DRB1	DRB1*11:02	S	L	1	6	S,V,P,L,G,D
P11	DRB1	DRB1*10:01	V	L	1	6	S,V,P,L,G,D
P11	DRB1	DRB1*14:54	S	L	1	6	S,V,P,L,G,D
P11	DRB1	DRB1*11:04	S	L	1	6	S,V,P,L,G,D
P11	DRB1	DRB1*16:02	P	L	1	6	S,V,P,L,G,D
P11	DRB1	DRB1*08:04	S	L	1	6	S,V,P,L,G,D
P11	DRB1	DRB1*04:02	V	L	1	6	S,V,P,L,G,D
P11	DRB1	DRB1*16:01	P	L	1	6	S,V,P,L,G,D
P11	DRB1	DRB1*14:07	S	L	1	6	S,V,P,L,G,D
P11	DRB1	DRB1*11:03	S	L	1	6	S,V,P,L,G,D
P11	DRB1	DRB1*13:03	S	L	1	6	S,V,P,L,G,D
P11	DRB1	DRB1*07:01	G	L	1	6	S,V,P,L,G,D
P11	DRB1	DRB1*04:03	V	L	1	6	S,V,P,L,G,D
P11	DRB1	DRB1*01:02	L	L	0	6	S,V,P,L,G,D
P11	DRB1	DRB1*09:01	D	L	1	6	S,V,P,L,G,D
P13	DRB1	DRB1*03:01	S	F	1	6	S,G,F,H,R,Y
P13	DRB1	DRB1*12:02	G	F	1	6	S,G,F,H,R,Y
P13	DRB1	DRB1*01:03	F	F	0	6	S,G,F,H,R,Y
P13	DRB1	DRB1*13:01	S	F	1	6	S,G,F,H,R,Y
P13	DRB1	DRB1*08:02	G	F	1	6	S,G,F,H,R,Y
P13	DRB1	DRB1*04:04	H	F	1	6	S,G,F,H,R,Y
P13	DRB1	DRB1*04:03	H	F	1	6	S,G,F,H,R,Y
P13	DRB1	DRB1*15:01	R	F	1	6	S,G,F,H,R,Y
P13	DRB1	DRB1*04:07	H	F	1	6	S,G,F,H,R,Y
P13	DRB1	DRB1*01:01	F	F	0	6	S,G,F,H,R,Y
P13	DRB1	DRB1*04:01	H	F	1	6	S,G,F,H,R,Y
P13	DRB1	DRB1*16:02	R	F	1	6	S,G,F,H,R,Y
P13	DRB1	DRB1*16:01	R	F	1	6	S,G,F,H,R,Y
P13	DRB1	DRB1*08:01	G	F	1	6	S,G,F,H,R,Y
P13	DRB1	DRB1*11:01	S	F	1	6	S,G,F,H,R,Y
P13	DRB1	DRB1*11:03	S	F	1	6	S,G,F,H,R,Y
P13	DRB1	DRB1*04:02	H	F	1	6	S,G,F,H,R,Y
P13	DRB1	DRB1*08:03	G	F	1	6	S,G,F,H,R,Y
P13	DRB1	DRB1*14:02	S	F	1	6	S,G,F,H,R,Y
P13	DRB1	DRB1*14:01	S	F	1	6	S,G,F,H,R,Y
P13	DRB1	DRB1*14:07	S	F	1	6	S,G,F,H,R,Y
P13	DRB1	DRB1*12:01	G	F	1	6	S,G,F,H,R,Y
P13	DRB1	DRB1*14:54	S	F	1	6	S,G,F,H,R,Y
P13	DRB1	DRB1*13:05	S	F	1	6	S,G,F,H,R,Y
P13	DRB1	DRB1*01:02	F	F	0	6	S,G,F,H,R,Y
P13	DRB1	DRB1*07:01	Y	F	1	6	S,G,F,H,R,Y
P13	DRB1	DRB1*09:01	F	F	0	6	S,G,F,H,R,Y
P13	DRB1	DRB1*11:04	S	F	1	6	S,G,F,H,R,Y
P13	DRB1	DRB1*13:02	S	F	1	6	S,G,F,H,R,Y
P13	DRB1	DRB1*11:02	S	F	1	6	S,G,F,H,R,Y
P13	DRB1	DRB1*04:08	H	F	1	6	S,G,F,H,R,Y
P13	DRB1	DRB1*14:04	G	F	1	6	S,G,F,H,R,Y
P13	DRB1	DRB1*10:01	F	F	0	6	S,G,F,H,R,Y
P13	DRB1	DRB1*13:03	S	F	1	6	S,G,F,H,R,Y
P13	DRB1	DRB1*08:04	G	F	1	6	S,G,F,H,R,Y
P13	DRB1	DRB1*04:05	H	F	1	6	S,G,F,H,R,Y
P13	DRB1	DRB1*15:03	R	F	1	6	S,G,F,H,R,Y
P13	DRB1	DRB1*15:02	R	F	1	6	S,G,F,H,R,Y
P26	DRB1	DRB1*12:02	L	L	0	3	L,F,Y
P26	DRB1	DRB1*12:01	L	L	0	3	L,F,Y
P26	DRB1	DRB1*13:05	F	L	1	3	L,F,Y
P26	DRB1	DRB1*08:01	F	L	1	3	L,F,Y
P26	DRB1	DRB1*08:02	F	L	1	3	L,F,Y
P26	DRB1	DRB1*04:04	F	L	1	3	L,F,Y
P26	DRB1	DRB1*11:02	F	L	1	3	L,F,Y
P26	DRB1	DRB1*11:01	F	L	1	3	L,F,Y
P26	DRB1	DRB1*13:03	F	L	1	3	L,F,Y
P26	DRB1	DRB1*07:01	F	L	1	3	L,F,Y
P26	DRB1	DRB1*01:03	L	L	0	3	L,F,Y
P26	DRB1	DRB1*04:05	F	L	1	3	L,F,Y
P26	DRB1	DRB1*04:07	F	L	1	3	L,F,Y
P26	DRB1	DRB1*13:01	F	L	1	3	L,F,Y
P26	DRB1	DRB1*14:01	F	L	1	3	L,F,Y
P26	DRB1	DRB1*10:01	L	L	0	3	L,F,Y
P26	DRB1	DRB1*11:04	F	L	1	3	L,F,Y
P26	DRB1	DRB1*14:54	F	L	1	3	L,F,Y
P26	DRB1	DRB1*15:01	F	L	1	3	L,F,Y
P26	DRB1	DRB1*15:03	F	L	1	3	L,F,Y
P26	DRB1	DRB1*09:01	Y	L	1	3	L,F,Y
P26	DRB1	DRB1*14:07	F	L	1	3	L,F,Y
P26	DRB1	DRB1*11:03	F	L	1	3	L,F,Y
P26	DRB1	DRB1*16:02	F	L	1	3	L,F,Y
P26	DRB1	DRB1*08:03	F	L	1	3	L,F,Y
P26	DRB1	DRB1*03:01	Y	L	1	3	L,F,Y
P26	DRB1	DRB1*01:01	L	L	0	3	L,F,Y
P26	DRB1	DRB1*16:01	F	L	1	3	L,F,Y
P26	DRB1	DRB1*08:04	F	L	1	3	L,F,Y
P26	DRB1	DRB1*01:02	L	L	0	3	L,F,Y
P26	DRB1	DRB1*15:02	F	L	1	3	L,F,Y
P26	DRB1	DRB1*04:02	F	L	1	3	L,F,Y
P26	DRB1	DRB1*04:03	F	L	1	3	L,F,Y
P26	DRB1	DRB1*04:01	F	L	1	3	L,F,Y
P26	DRB1	DRB1*04:08	F	L	1	3	L,F,Y
P26	DRB1	DRB1*13:02	F	L	1	3	L,F,Y
P26	DRB1	DRB1*14:04	F	L	1	3	L,F,Y
P26	DRB1	DRB1*14:02	F	L	1	3	L,F,Y
P28	DRB1	DRB1*13:05	D	E	1	3	D,E,H
P28	DRB1	DRB1*10:01	E	E	0	3	D,E,H
P28	DRB1	DRB1*15:01	D	E	1	3	D,E,H
P28	DRB1	DRB1*01:03	E	E	0	3	D,E,H
P28	DRB1	DRB1*16:02	D	E	1	3	D,E,H
P28	DRB1	DRB1*08:01	D	E	1	3	D,E,H
P28	DRB1	DRB1*12:01	E	E	0	3	D,E,H
P28	DRB1	DRB1*14:54	D	E	1	3	D,E,H
P28	DRB1	DRB1*04:04	D	E	1	3	D,E,H
P28	DRB1	DRB1*09:01	H	E	1	3	D,E,H
P28	DRB1	DRB1*11:01	D	E	1	3	D,E,H
P28	DRB1	DRB1*08:03	D	E	1	3	D,E,H
P28	DRB1	DRB1*11:04	D	E	1	3	D,E,H
P28	DRB1	DRB1*15:02	D	E	1	3	D,E,H
P28	DRB1	DRB1*16:01	D	E	1	3	D,E,H
P28	DRB1	DRB1*14:01	D	E	1	3	D,E,H
P28	DRB1	DRB1*03:01	D	E	1	3	D,E,H
P28	DRB1	DRB1*13:02	D	E	1	3	D,E,H
P28	DRB1	DRB1*14:04	D	E	1	3	D,E,H
P28	DRB1	DRB1*11:02	D	E	1	3	D,E,H
P28	DRB1	DRB1*08:02	D	E	1	3	D,E,H
P28	DRB1	DRB1*13:01	D	E	1	3	D,E,H
P28	DRB1	DRB1*01:01	E	E	0	3	D,E,H
P28	DRB1	DRB1*13:03	D	E	1	3	D,E,H
P28	DRB1	DRB1*14:07	D	E	1	3	D,E,H
P28	DRB1	DRB1*04:03	D	E	1	3	D,E,H
P28	DRB1	DRB1*01:02	E	E	0	3	D,E,H
P28	DRB1	DRB1*12:02	E	E	0	3	D,E,H
P28	DRB1	DRB1*04:05	D	E	1	3	D,E,H
P28	DRB1	DRB1*04:07	D	E	1	3	D,E,H
P28	DRB1	DRB1*14:02	E	E	0	3	D,E,H
P28	DRB1	DRB1*08:04	D	E	1	3	D,E,H
P28	DRB1	DRB1*07:01	E	E	0	3	D,E,H
P28	DRB1	DRB1*04:08	D	E	1	3	D,E,H
P28	DRB1	DRB1*15:03	D	E	1	3	D,E,H
P28	DRB1	DRB1*04:01	D	E	1	3	D,E,H
P28	DRB1	DRB1*11:03	D	E	1	3	D,E,H
P28	DRB1	DRB1*04:02	D	E	1	3	D,E,H
P30	DRB1	DRB1*04:04	Y	C	1	6	Y,C,R,G,H,L
P30	DRB1	DRB1*01:03	C	C	0	6	Y,C,R,G,H,L
P30	DRB1	DRB1*13:05	Y	C	1	6	Y,C,R,G,H,L
P30	DRB1	DRB1*14:02	Y	C	1	6	Y,C,R,G,H,L
P30	DRB1	DRB1*01:01	C	C	0	6	Y,C,R,G,H,L
P30	DRB1	DRB1*15:02	Y	C	1	6	Y,C,R,G,H,L
P30	DRB1	DRB1*15:01	Y	C	1	6	Y,C,R,G,H,L
P30	DRB1	DRB1*14:54	Y	C	1	6	Y,C,R,G,H,L
P30	DRB1	DRB1*03:01	Y	C	1	6	Y,C,R,G,H,L
P30	DRB1	DRB1*08:01	Y	C	1	6	Y,C,R,G,H,L
P30	DRB1	DRB1*10:01	R	C	1	6	Y,C,R,G,H,L
P30	DRB1	DRB1*14:04	Y	C	1	6	Y,C,R,G,H,L
P30	DRB1	DRB1*16:02	Y	C	1	6	Y,C,R,G,H,L
P30	DRB1	DRB1*09:01	G	C	1	6	Y,C,R,G,H,L
P30	DRB1	DRB1*16:01	Y	C	1	6	Y,C,R,G,H,L
P30	DRB1	DRB1*13:02	Y	C	1	6	Y,C,R,G,H,L
P30	DRB1	DRB1*12:01	H	C	1	6	Y,C,R,G,H,L
P30	DRB1	DRB1*04:01	Y	C	1	6	Y,C,R,G,H,L
P30	DRB1	DRB1*08:04	Y	C	1	6	Y,C,R,G,H,L
P30	DRB1	DRB1*08:03	Y	C	1	6	Y,C,R,G,H,L
P30	DRB1	DRB1*13:03	Y	C	1	6	Y,C,R,G,H,L
P30	DRB1	DRB1*14:01	Y	C	1	6	Y,C,R,G,H,L
P30	DRB1	DRB1*14:07	Y	C	1	6	Y,C,R,G,H,L
P30	DRB1	DRB1*11:04	Y	C	1	6	Y,C,R,G,H,L
P30	DRB1	DRB1*11:01	Y	C	1	6	Y,C,R,G,H,L
P30	DRB1	DRB1*04:05	Y	C	1	6	Y,C,R,G,H,L
P30	DRB1	DRB1*11:02	Y	C	1	6	Y,C,R,G,H,L
P30	DRB1	DRB1*07:01	L	C	1	6	Y,C,R,G,H,L
P30	DRB1	DRB1*04:03	Y	C	1	6	Y,C,R,G,H,L
P30	DRB1	DRB1*15:03	H	C	1	6	Y,C,R,G,H,L
P30	DRB1	DRB1*04:07	Y	C	1	6	Y,C,R,G,H,L
P30	DRB1	DRB1*08:02	Y	C	1	6	Y,C,R,G,H,L
P30	DRB1	DRB1*13:01	Y	C	1	6	Y,C,R,G,H,L
P30	DRB1	DRB1*12:02	H	C	1	6	Y,C,R,G,H,L
P30	DRB1	DRB1*11:03	Y	C	1	6	Y,C,R,G,H,L
P30	DRB1	DRB1*04:08	Y	C	1	6	Y,C,R,G,H,L
P30	DRB1	DRB1*04:02	Y	C	1	6	Y,C,R,G,H,L
P30	DRB1	DRB1*01:02	C	C	0	6	Y,C,R,G,H,L
P31	DRB1	DRB1*08:01	F	I	1	3	F,I,V
P31	DRB1	DRB1*13:05	F	I	1	3	F,I,V
P31	DRB1	DRB1*14:54	F	I	1	3	F,I,V
P31	DRB1	DRB1*01:03	I	I	0	3	F,I,V
P31	DRB1	DRB1*15:01	F	I	1	3	F,I,V
P31	DRB1	DRB1*04:04	F	I	1	3	F,I,V
P31	DRB1	DRB1*15:02	F	I	1	3	F,I,V
P31	DRB1	DRB1*14:02	F	I	1	3	F,I,V
P31	DRB1	DRB1*14:01	F	I	1	3	F,I,V
P31	DRB1	DRB1*08:03	F	I	1	3	F,I,V
P31	DRB1	DRB1*04:01	F	I	1	3	F,I,V
P31	DRB1	DRB1*16:01	F	I	1	3	F,I,V
P31	DRB1	DRB1*10:01	V	I	1	3	F,I,V
P31	DRB1	DRB1*08:02	F	I	1	3	F,I,V
P31	DRB1	DRB1*16:02	F	I	1	3	F,I,V
P31	DRB1	DRB1*08:04	F	I	1	3	F,I,V
P31	DRB1	DRB1*14:04	F	I	1	3	F,I,V
P31	DRB1	DRB1*12:01	F	I	1	3	F,I,V
P31	DRB1	DRB1*13:01	F	I	1	3	F,I,V
P31	DRB1	DRB1*03:01	F	I	1	3	F,I,V
P31	DRB1	DRB1*13:02	F	I	1	3	F,I,V
P31	DRB1	DRB1*01:01	I	I	0	3	F,I,V
P31	DRB1	DRB1*11:01	F	I	1	3	F,I,V
P31	DRB1	DRB1*13:03	F	I	1	3	F,I,V
P31	DRB1	DRB1*09:01	I	I	0	3	F,I,V
P31	DRB1	DRB1*04:02	F	I	1	3	F,I,V
P31	DRB1	DRB1*11:04	F	I	1	3	F,I,V
P31	DRB1	DRB1*11:02	F	I	1	3	F,I,V
P31	DRB1	DRB1*15:03	F	I	1	3	F,I,V
P31	DRB1	DRB1*04:07	F	I	1	3	F,I,V
P31	DRB1	DRB1*14:07	F	I	1	3	F,I,V
P31	DRB1	DRB1*01:02	I	I	0	3	F,I,V
P31	DRB1	DRB1*07:01	F	I	1	3	F,I,V
P31	DRB1	DRB1*12:02	F	I	1	3	F,I,V
P31	DRB1	DRB1*11:03	F	I	1	3	F,I,V
P31	DRB1	DRB1*04:03	F	I	1	3	F,I,V
P31	DRB1	DRB1*04:05	F	I	1	3	F,I,V
P31	DRB1	DRB1*04:08	F	I	1	3	F,I,V
P37	DRB1	DRB1*13:05	N	S	1	5	N,L,F,Y,S
P37	DRB1	DRB1*12:01	L	S	1	5	N,L,F,Y,S
P37	DRB1	DRB1*09:01	N	S	1	5	N,L,F,Y,S
P37	DRB1	DRB1*07:01	F	S	1	5	N,L,F,Y,S
P37	DRB1	DRB1*04:05	Y	S	1	5	N,L,F,Y,S
P37	DRB1	DRB1*04:04	Y	S	1	5	N,L,F,Y,S
P37	DRB1	DRB1*04:01	Y	S	1	5	N,L,F,Y,S
P37	DRB1	DRB1*04:03	Y	S	1	5	N,L,F,Y,S
P37	DRB1	DRB1*10:01	Y	S	1	5	N,L,F,Y,S
P37	DRB1	DRB1*03:01	N	S	1	5	N,L,F,Y,S
P37	DRB1	DRB1*01:02	S	S	0	5	N,L,F,Y,S
P37	DRB1	DRB1*04:08	Y	S	1	5	N,L,F,Y,S
P37	DRB1	DRB1*16:01	S	S	0	5	N,L,F,Y,S
P37	DRB1	DRB1*11:01	Y	S	1	5	N,L,F,Y,S
P37	DRB1	DRB1*15:01	S	S	0	5	N,L,F,Y,S
P37	DRB1	DRB1*14:01	F	S	1	5	N,L,F,Y,S
P37	DRB1	DRB1*12:02	L	S	1	5	N,L,F,Y,S
P37	DRB1	DRB1*14:54	F	S	1	5	N,L,F,Y,S
P37	DRB1	DRB1*16:02	S	S	0	5	N,L,F,Y,S
P37	DRB1	DRB1*08:01	Y	S	1	5	N,L,F,Y,S
P37	DRB1	DRB1*01:03	S	S	0	5	N,L,F,Y,S
P37	DRB1	DRB1*04:07	Y	S	1	5	N,L,F,Y,S
P37	DRB1	DRB1*13:03	Y	S	1	5	N,L,F,Y,S
P37	DRB1	DRB1*14:07	F	S	1	5	N,L,F,Y,S
P37	DRB1	DRB1*11:02	Y	S	1	5	N,L,F,Y,S
P37	DRB1	DRB1*11:04	Y	S	1	5	N,L,F,Y,S
P37	DRB1	DRB1*08:02	Y	S	1	5	N,L,F,Y,S
P37	DRB1	DRB1*15:02	S	S	0	5	N,L,F,Y,S
P37	DRB1	DRB1*15:03	S	S	0	5	N,L,F,Y,S
P37	DRB1	DRB1*01:01	S	S	0	5	N,L,F,Y,S
P37	DRB1	DRB1*04:02	Y	S	1	5	N,L,F,Y,S
P37	DRB1	DRB1*08:03	Y	S	1	5	N,L,F,Y,S
P37	DRB1	DRB1*11:03	Y	S	1	5	N,L,F,Y,S
P37	DRB1	DRB1*14:02	N	S	1	5	N,L,F,Y,S
P37	DRB1	DRB1*13:01	N	S	1	5	N,L,F,Y,S
P37	DRB1	DRB1*08:04	Y	S	1	5	N,L,F,Y,S
P37	DRB1	DRB1*13:02	N	S	1	5	N,L,F,Y,S
P37	DRB1	DRB1*14:04	F	S	1	5	N,L,F,Y,S
P38	DRB1	DRB1*07:01	V	V	0	3	V,A,L
P38	DRB1	DRB1*13:05	V	V	0	3	V,A,L
P38	DRB1	DRB1*10:01	A	V	1	3	V,A,L
P38	DRB1	DRB1*08:01	V	V	0	3	V,A,L
P38	DRB1	DRB1*12:01	L	V	1	3	V,A,L
P38	DRB1	DRB1*01:02	V	V	0	3	V,A,L
P38	DRB1	DRB1*09:01	V	V	0	3	V,A,L
P38	DRB1	DRB1*14:07	V	V	0	3	V,A,L
P38	DRB1	DRB1*01:03	V	V	0	3	V,A,L
P38	DRB1	DRB1*11:01	V	V	0	3	V,A,L
P38	DRB1	DRB1*03:01	V	V	0	3	V,A,L
P38	DRB1	DRB1*08:04	V	V	0	3	V,A,L
P38	DRB1	DRB1*14:54	V	V	0	3	V,A,L
P38	DRB1	DRB1*04:05	V	V	0	3	V,A,L
P38	DRB1	DRB1*04:03	V	V	0	3	V,A,L
P38	DRB1	DRB1*01:01	V	V	0	3	V,A,L
P38	DRB1	DRB1*11:03	V	V	0	3	V,A,L
P38	DRB1	DRB1*15:01	V	V	0	3	V,A,L
P38	DRB1	DRB1*14:01	V	V	0	3	V,A,L
P38	DRB1	DRB1*16:01	V	V	0	3	V,A,L
P38	DRB1	DRB1*08:02	V	V	0	3	V,A,L
P38	DRB1	DRB1*13:01	V	V	0	3	V,A,L
P38	DRB1	DRB1*04:07	V	V	0	3	V,A,L
P38	DRB1	DRB1*04:01	V	V	0	3	V,A,L
P38	DRB1	DRB1*04:04	V	V	0	3	V,A,L
P38	DRB1	DRB1*14:02	V	V	0	3	V,A,L
P38	DRB1	DRB1*15:02	V	V	0	3	V,A,L
P38	DRB1	DRB1*11:04	V	V	0	3	V,A,L
P38	DRB1	DRB1*08:03	V	V	0	3	V,A,L
P38	DRB1	DRB1*16:02	V	V	0	3	V,A,L
P38	DRB1	DRB1*12:02	L	V	1	3	V,A,L
P38	DRB1	DRB1*15:03	V	V	0	3	V,A,L
P38	DRB1	DRB1*14:04	V	V	0	3	V,A,L
P38	DRB1	DRB1*13:03	V	V	0	3	V,A,L
P38	DRB1	DRB1*13:02	V	V	0	3	V,A,L
P38	DRB1	DRB1*04:08	V	V	0	3	V,A,L
P38	DRB1	DRB1*04:02	V	V	0	3	V,A,L
P38	DRB1	DRB1*11:02	V	V	0	3	V,A,L
P57	DRB1	DRB1*14:01	A	D	1	4	A,V,D,S
P57	DRB1	DRB1*14:54	A	D	1	4	A,V,D,S
P57	DRB1	DRB1*12:02	V	D	1	4	A,V,D,S
P57	DRB1	DRB1*11:01	D	D	0	4	A,V,D,S
P57	DRB1	DRB1*16:02	D	D	0	4	A,V,D,S
P57	DRB1	DRB1*13:01	D	D	0	4	A,V,D,S
P57	DRB1	DRB1*04:04	D	D	0	4	A,V,D,S
P57	DRB1	DRB1*14:02	D	D	0	4	A,V,D,S
P57	DRB1	DRB1*14:07	A	D	1	4	A,V,D,S
P57	DRB1	DRB1*15:01	D	D	0	4	A,V,D,S
P57	DRB1	DRB1*15:02	D	D	0	4	A,V,D,S
P57	DRB1	DRB1*09:01	V	D	1	4	A,V,D,S
P57	DRB1	DRB1*08:01	S	D	1	4	A,V,D,S
P57	DRB1	DRB1*11:04	D	D	0	4	A,V,D,S
P57	DRB1	DRB1*07:01	V	D	1	4	A,V,D,S
P57	DRB1	DRB1*01:03	D	D	0	4	A,V,D,S
P57	DRB1	DRB1*16:01	D	D	0	4	A,V,D,S
P57	DRB1	DRB1*11:02	D	D	0	4	A,V,D,S
P57	DRB1	DRB1*04:05	S	D	1	4	A,V,D,S
P57	DRB1	DRB1*10:01	D	D	0	4	A,V,D,S
P57	DRB1	DRB1*03:01	D	D	0	4	A,V,D,S
P57	DRB1	DRB1*13:03	S	D	1	4	A,V,D,S
P57	DRB1	DRB1*13:05	D	D	0	4	A,V,D,S
P57	DRB1	DRB1*12:01	V	D	1	4	A,V,D,S
P57	DRB1	DRB1*04:07	D	D	0	4	A,V,D,S
P57	DRB1	DRB1*08:03	S	D	1	4	A,V,D,S
P57	DRB1	DRB1*04:03	D	D	0	4	A,V,D,S
P57	DRB1	DRB1*01:02	D	D	0	4	A,V,D,S
P57	DRB1	DRB1*04:01	D	D	0	4	A,V,D,S
P57	DRB1	DRB1*08:02	D	D	0	4	A,V,D,S
P57	DRB1	DRB1*13:02	D	D	0	4	A,V,D,S
P57	DRB1	DRB1*14:04	A	D	1	4	A,V,D,S
P57	DRB1	DRB1*15:03	D	D	0	4	A,V,D,S
P57	DRB1	DRB1*04:02	D	D	0	4	A,V,D,S
P57	DRB1	DRB1*04:08	D	D	0	4	A,V,D,S
P57	DRB1	DRB1*01:01	D	D	0	4	A,V,D,S
P57	DRB1	DRB1*11:03	D	D	0	4	A,V,D,S
P57	DRB1	DRB1*08:04	D	D	0	4	A,V,D,S
P60	DRB1	DRB1*14:54	H	Y	1	3	H,S,Y
P60	DRB1	DRB1*12:01	S	Y	1	3	H,S,Y
P60	DRB1	DRB1*03:01	Y	Y	0	3	H,S,Y
P60	DRB1	DRB1*13:05	Y	Y	0	3	H,S,Y
P60	DRB1	DRB1*10:01	Y	Y	0	3	H,S,Y
P60	DRB1	DRB1*08:01	Y	Y	0	3	H,S,Y
P60	DRB1	DRB1*01:02	Y	Y	0	3	H,S,Y
P60	DRB1	DRB1*09:01	S	Y	1	3	H,S,Y
P60	DRB1	DRB1*01:03	Y	Y	0	3	H,S,Y
P60	DRB1	DRB1*04:05	Y	Y	0	3	H,S,Y
P60	DRB1	DRB1*08:02	Y	Y	0	3	H,S,Y
P60	DRB1	DRB1*16:02	Y	Y	0	3	H,S,Y
P60	DRB1	DRB1*12:02	S	Y	1	3	H,S,Y
P60	DRB1	DRB1*14:07	H	Y	1	3	H,S,Y
P60	DRB1	DRB1*04:04	Y	Y	0	3	H,S,Y
P60	DRB1	DRB1*04:03	Y	Y	0	3	H,S,Y
P60	DRB1	DRB1*07:01	S	Y	1	3	H,S,Y
P60	DRB1	DRB1*01:01	Y	Y	0	3	H,S,Y
P60	DRB1	DRB1*14:01	H	Y	1	3	H,S,Y
P60	DRB1	DRB1*11:02	Y	Y	0	3	H,S,Y
P60	DRB1	DRB1*04:01	Y	Y	0	3	H,S,Y
P60	DRB1	DRB1*13:01	Y	Y	0	3	H,S,Y
P60	DRB1	DRB1*11:04	Y	Y	0	3	H,S,Y
P60	DRB1	DRB1*15:03	Y	Y	0	3	H,S,Y
P60	DRB1	DRB1*04:07	Y	Y	0	3	H,S,Y
P60	DRB1	DRB1*11:01	Y	Y	0	3	H,S,Y
P60	DRB1	DRB1*14:04	H	Y	1	3	H,S,Y
P60	DRB1	DRB1*04:02	Y	Y	0	3	H,S,Y
P60	DRB1	DRB1*16:01	Y	Y	0	3	H,S,Y
P60	DRB1	DRB1*08:04	Y	Y	0	3	H,S,Y
P60	DRB1	DRB1*15:01	Y	Y	0	3	H,S,Y
P60	DRB1	DRB1*11:03	Y	Y	0	3	H,S,Y
P60	DRB1	DRB1*04:08	Y	Y	0	3	H,S,Y
P60	DRB1	DRB1*13:02	Y	Y	0	3	H,S,Y
P60	DRB1	DRB1*15:02	Y	Y	0	3	H,S,Y
P60	DRB1	DRB1*14:02	Y	Y	0	3	H,S,Y
P60	DRB1	DRB1*08:03	Y	Y	0	3	H,S,Y
P60	DRB1	DRB1*13:03	Y	Y	0	3	H,S,Y
P67	DRB1	DRB1*01:03	I	L	1	3	I,L,F
P67	DRB1	DRB1*04:04	L	L	0	3	I,L,F
P67	DRB1	DRB1*04:03	L	L	0	3	I,L,F
P67	DRB1	DRB1*11:01	F	L	1	3	I,L,F
P67	DRB1	DRB1*12:01	I	L	1	3	I,L,F
P67	DRB1	DRB1*12:02	F	L	1	3	I,L,F
P67	DRB1	DRB1*04:05	L	L	0	3	I,L,F
P67	DRB1	DRB1*10:01	L	L	0	3	I,L,F
P67	DRB1	DRB1*04:01	L	L	0	3	I,L,F
P67	DRB1	DRB1*09:01	F	L	1	3	I,L,F
P67	DRB1	DRB1*11:04	F	L	1	3	I,L,F
P67	DRB1	DRB1*01:02	L	L	0	3	I,L,F
P67	DRB1	DRB1*14:54	L	L	0	3	I,L,F
P67	DRB1	DRB1*04:07	L	L	0	3	I,L,F
P67	DRB1	DRB1*04:02	I	L	1	3	I,L,F
P67	DRB1	DRB1*11:02	I	L	1	3	I,L,F
P67	DRB1	DRB1*08:02	F	L	1	3	I,L,F
P67	DRB1	DRB1*13:05	F	L	1	3	I,L,F
P67	DRB1	DRB1*14:04	L	L	0	3	I,L,F
P67	DRB1	DRB1*13:02	I	L	1	3	I,L,F
P67	DRB1	DRB1*07:01	I	L	1	3	I,L,F
P67	DRB1	DRB1*14:07	L	L	0	3	I,L,F
P67	DRB1	DRB1*16:02	L	L	0	3	I,L,F
P67	DRB1	DRB1*08:03	I	L	1	3	I,L,F
P67	DRB1	DRB1*04:08	L	L	0	3	I,L,F
P67	DRB1	DRB1*11:03	F	L	1	3	I,L,F
P67	DRB1	DRB1*01:01	L	L	0	3	I,L,F
P67	DRB1	DRB1*15:02	I	L	1	3	I,L,F
P67	DRB1	DRB1*03:01	L	L	0	3	I,L,F
P67	DRB1	DRB1*08:01	F	L	1	3	I,L,F
P67	DRB1	DRB1*16:01	F	L	1	3	I,L,F
P67	DRB1	DRB1*15:01	I	L	1	3	I,L,F
P67	DRB1	DRB1*08:04	F	L	1	3	I,L,F
P67	DRB1	DRB1*13:03	I	L	1	3	I,L,F
P67	DRB1	DRB1*14:01	L	L	0	3	I,L,F
P67	DRB1	DRB1*14:02	L	L	0	3	I,L,F
P67	DRB1	DRB1*15:03	I	L	1	3	I,L,F
P67	DRB1	DRB1*13:01	I	L	1	3	I,L,F
P70	DRB1	DRB1*14:02	Q	Q	0	3	Q,D,R
P70	DRB1	DRB1*04:04	Q	Q	0	3	Q,D,R
P70	DRB1	DRB1*01:03	D	Q	1	3	Q,D,R
P70	DRB1	DRB1*09:01	R	Q	1	3	Q,D,R
P70	DRB1	DRB1*08:01	D	Q	1	3	Q,D,R
P70	DRB1	DRB1*11:01	D	Q	1	3	Q,D,R
P70	DRB1	DRB1*12:01	D	Q	1	3	Q,D,R
P70	DRB1	DRB1*13:03	D	Q	1	3	Q,D,R
P70	DRB1	DRB1*14:54	R	Q	1	3	Q,D,R
P70	DRB1	DRB1*14:07	R	Q	1	3	Q,D,R
P70	DRB1	DRB1*04:03	Q	Q	0	3	Q,D,R
P70	DRB1	DRB1*13:02	D	Q	1	3	Q,D,R
P70	DRB1	DRB1*10:01	R	Q	1	3	Q,D,R
P70	DRB1	DRB1*04:01	Q	Q	0	3	Q,D,R
P70	DRB1	DRB1*11:02	D	Q	1	3	Q,D,R
P70	DRB1	DRB1*03:01	Q	Q	0	3	Q,D,R
P70	DRB1	DRB1*07:01	D	Q	1	3	Q,D,R
P70	DRB1	DRB1*16:01	D	Q	1	3	Q,D,R
P70	DRB1	DRB1*15:01	Q	Q	0	3	Q,D,R
P70	DRB1	DRB1*01:02	Q	Q	0	3	Q,D,R
P70	DRB1	DRB1*04:05	Q	Q	0	3	Q,D,R
P70	DRB1	DRB1*15:03	Q	Q	0	3	Q,D,R
P70	DRB1	DRB1*04:07	Q	Q	0	3	Q,D,R
P70	DRB1	DRB1*01:01	Q	Q	0	3	Q,D,R
P70	DRB1	DRB1*11:04	D	Q	1	3	Q,D,R
P70	DRB1	DRB1*13:05	D	Q	1	3	Q,D,R
P70	DRB1	DRB1*08:02	D	Q	1	3	Q,D,R
P70	DRB1	DRB1*14:01	R	Q	1	3	Q,D,R
P70	DRB1	DRB1*15:02	Q	Q	0	3	Q,D,R
P70	DRB1	DRB1*12:02	D	Q	1	3	Q,D,R
P70	DRB1	DRB1*08:04	D	Q	1	3	Q,D,R
P70	DRB1	DRB1*08:03	D	Q	1	3	Q,D,R
P70	DRB1	DRB1*13:01	D	Q	1	3	Q,D,R
P70	DRB1	DRB1*16:02	D	Q	1	3	Q,D,R
P70	DRB1	DRB1*04:02	D	Q	1	3	Q,D,R
P70	DRB1	DRB1*11:03	D	Q	1	3	Q,D,R
P70	DRB1	DRB1*14:04	R	Q	1	3	Q,D,R
P70	DRB1	DRB1*04:08	Q	Q	0	3	Q,D,R
P71	DRB1	DRB1*10:01	R	R	0	4	R,K,E,A
P71	DRB1	DRB1*09:01	R	R	0	4	R,K,E,A
P71	DRB1	DRB1*11:01	R	R	0	4	R,K,E,A
P71	DRB1	DRB1*04:01	K	R	1	4	R,K,E,A
P71	DRB1	DRB1*11:02	E	R	1	4	R,K,E,A
P71	DRB1	DRB1*11:04	R	R	0	4	R,K,E,A
P71	DRB1	DRB1*12:01	R	R	0	4	R,K,E,A
P71	DRB1	DRB1*12:02	R	R	0	4	R,K,E,A
P71	DRB1	DRB1*13:03	K	R	1	4	R,K,E,A
P71	DRB1	DRB1*01:03	E	R	1	4	R,K,E,A
P71	DRB1	DRB1*04:04	R	R	0	4	R,K,E,A
P71	DRB1	DRB1*14:01	R	R	0	4	R,K,E,A
P71	DRB1	DRB1*01:01	R	R	0	4	R,K,E,A
P71	DRB1	DRB1*01:02	R	R	0	4	R,K,E,A
P71	DRB1	DRB1*07:01	R	R	0	4	R,K,E,A
P71	DRB1	DRB1*08:01	R	R	0	4	R,K,E,A
P71	DRB1	DRB1*08:03	R	R	0	4	R,K,E,A
P71	DRB1	DRB1*13:01	E	R	1	4	R,K,E,A
P71	DRB1	DRB1*04:05	R	R	0	4	R,K,E,A
P71	DRB1	DRB1*13:05	R	R	0	4	R,K,E,A
P71	DRB1	DRB1*14:07	R	R	0	4	R,K,E,A
P71	DRB1	DRB1*14:54	R	R	0	4	R,K,E,A
P71	DRB1	DRB1*11:03	E	R	1	4	R,K,E,A
P71	DRB1	DRB1*08:02	R	R	0	4	R,K,E,A
P71	DRB1	DRB1*08:04	R	R	0	4	R,K,E,A
P71	DRB1	DRB1*04:08	R	R	0	4	R,K,E,A
P71	DRB1	DRB1*14:02	R	R	0	4	R,K,E,A
P71	DRB1	DRB1*04:03	R	R	0	4	R,K,E,A
P71	DRB1	DRB1*03:01	K	R	1	4	R,K,E,A
P71	DRB1	DRB1*16:01	R	R	0	4	R,K,E,A
P71	DRB1	DRB1*15:03	A	R	1	4	R,K,E,A
P71	DRB1	DRB1*15:01	A	R	1	4	R,K,E,A
P71	DRB1	DRB1*16:02	R	R	0	4	R,K,E,A
P71	DRB1	DRB1*04:02	E	R	1	4	R,K,E,A
P71	DRB1	DRB1*13:02	E	R	1	4	R,K,E,A
P71	DRB1	DRB1*04:07	R	R	0	4	R,K,E,A
P71	DRB1	DRB1*15:02	A	R	1	4	R,K,E,A
P71	DRB1	DRB1*14:04	R	R	0	4	R,K,E,A
P74	DRB1	DRB1*11:04	A	A	0	5	A,E,L,Q,R
P74	DRB1	DRB1*14:07	E	A	1	5	A,E,L,Q,R
P74	DRB1	DRB1*16:01	A	A	0	5	A,E,L,Q,R
P74	DRB1	DRB1*08:04	L	A	1	5	A,E,L,Q,R
P74	DRB1	DRB1*04:03	E	A	1	5	A,E,L,Q,R
P74	DRB1	DRB1*07:01	Q	A	1	5	A,E,L,Q,R
P74	DRB1	DRB1*12:01	A	A	0	5	A,E,L,Q,R
P74	DRB1	DRB1*14:54	E	A	1	5	A,E,L,Q,R
P74	DRB1	DRB1*04:07	E	A	1	5	A,E,L,Q,R
P74	DRB1	DRB1*01:02	A	A	0	5	A,E,L,Q,R
P74	DRB1	DRB1*09:01	E	A	1	5	A,E,L,Q,R
P74	DRB1	DRB1*13:03	A	A	0	5	A,E,L,Q,R
P74	DRB1	DRB1*08:01	L	A	1	5	A,E,L,Q,R
P74	DRB1	DRB1*16:02	A	A	0	5	A,E,L,Q,R
P74	DRB1	DRB1*03:01	R	A	1	5	A,E,L,Q,R
P74	DRB1	DRB1*10:01	A	A	0	5	A,E,L,Q,R
P74	DRB1	DRB1*15:03	A	A	0	5	A,E,L,Q,R
P74	DRB1	DRB1*13:05	A	A	0	5	A,E,L,Q,R
P74	DRB1	DRB1*08:02	L	A	1	5	A,E,L,Q,R
P74	DRB1	DRB1*14:01	E	A	1	5	A,E,L,Q,R
P74	DRB1	DRB1*01:03	A	A	0	5	A,E,L,Q,R
P74	DRB1	DRB1*04:02	A	A	0	5	A,E,L,Q,R
P74	DRB1	DRB1*04:08	A	A	0	5	A,E,L,Q,R
P74	DRB1	DRB1*14:04	E	A	1	5	A,E,L,Q,R
P74	DRB1	DRB1*13:02	A	A	0	5	A,E,L,Q,R
P74	DRB1	DRB1*04:04	A	A	0	5	A,E,L,Q,R
P74	DRB1	DRB1*11:02	A	A	0	5	A,E,L,Q,R
P74	DRB1	DRB1*13:01	A	A	0	5	A,E,L,Q,R
P74	DRB1	DRB1*14:02	A	A	0	5	A,E,L,Q,R
P74	DRB1	DRB1*11:03	A	A	0	5	A,E,L,Q,R
P74	DRB1	DRB1*12:02	A	A	0	5	A,E,L,Q,R
P74	DRB1	DRB1*11:01	A	A	0	5	A,E,L,Q,R
P74	DRB1	DRB1*15:01	A	A	0	5	A,E,L,Q,R
P74	DRB1	DRB1*04:05	A	A	0	5	A,E,L,Q,R
P74	DRB1	DRB1*04:01	A	A	0	5	A,E,L,Q,R
P74	DRB1	DRB1*01:01	A	A	0	5	A,E,L,Q,R
P74	DRB1	DRB1*08:03	L	A	1	5	A,E,L,Q,R
P74	DRB1	DRB1*15:02	A	A	0	5	A,E,L,Q,R
P9	DRB1	DRB1*12:01	E	W	1	3	E,W,K
P9	DRB1	DRB1*11:01	E	W	1	3	E,W,K
P9	DRB1	DRB1*08:01	E	W	1	3	E,W,K
P9	DRB1	DRB1*04:05	E	W	1	3	E,W,K
P9	DRB1	DRB1*14:54	E	W	1	3	E,W,K
P9	DRB1	DRB1*08:02	E	W	1	3	E,W,K
P9	DRB1	DRB1*14:04	E	W	1	3	E,W,K
P9	DRB1	DRB1*04:04	E	W	1	3	E,W,K
P9	DRB1	DRB1*03:01	E	W	1	3	E,W,K
P9	DRB1	DRB1*12:02	E	W	1	3	E,W,K
P9	DRB1	DRB1*14:02	E	W	1	3	E,W,K
P9	DRB1	DRB1*14:01	E	W	1	3	E,W,K
P9	DRB1	DRB1*15:01	W	W	0	3	E,W,K
P9	DRB1	DRB1*01:03	W	W	0	3	E,W,K
P9	DRB1	DRB1*08:04	E	W	1	3	E,W,K
P9	DRB1	DRB1*13:02	E	W	1	3	E,W,K
P9	DRB1	DRB1*13:01	E	W	1	3	E,W,K
P9	DRB1	DRB1*15:02	W	W	0	3	E,W,K
P9	DRB1	DRB1*07:01	W	W	0	3	E,W,K
P9	DRB1	DRB1*10:01	E	W	1	3	E,W,K
P9	DRB1	DRB1*01:01	W	W	0	3	E,W,K
P9	DRB1	DRB1*04:01	E	W	1	3	E,W,K
P9	DRB1	DRB1*08:03	E	W	1	3	E,W,K
P9	DRB1	DRB1*15:03	W	W	0	3	E,W,K
P9	DRB1	DRB1*16:01	W	W	0	3	E,W,K
P9	DRB1	DRB1*04:07	E	W	1	3	E,W,K
P9	DRB1	DRB1*13:05	E	W	1	3	E,W,K
P9	DRB1	DRB1*04:08	E	W	1	3	E,W,K
P9	DRB1	DRB1*13:03	E	W	1	3	E,W,K
P9	DRB1	DRB1*09:01	K	W	1	3	E,W,K
P9	DRB1	DRB1*04:02	E	W	1	3	E,W,K
P9	DRB1	DRB1*16:02	W	W	0	3	E,W,K
P9	DRB1	DRB1*11:03	E	W	1	3	E,W,K
P9	DRB1	DRB1*01:02	W	W	0	3	E,W,K
P9	DRB1	DRB1*11:04	E	W	1	3	E,W,K
P9	DRB1	DRB1*11:02	E	W	1	3	E,W,K
P9	DRB1	DRB1*04:03	E	W	1	3	E,W,K
P9	DRB1	DRB1*14:07	E	W	1	3	E,W,K
P96	DRB1	DRB1*04:03	Y	E	1	4	Y,H,E,Q
P96	DRB1	DRB1*11:02	H	E	1	4	Y,H,E,Q
P96	DRB1	DRB1*04:04	Y	E	1	4	Y,H,E,Q
P96	DRB1	DRB1*11:01	H	E	1	4	Y,H,E,Q
P96	DRB1	DRB1*12:01	H	E	1	4	Y,H,E,Q
P96	DRB1	DRB1*04:05	Y	E	1	4	Y,H,E,Q
P96	DRB1	DRB1*12:02	H	E	1	4	Y,H,E,Q
P96	DRB1	DRB1*14:01	H	E	1	4	Y,H,E,Q
P96	DRB1	DRB1*01:01	E	E	0	4	Y,H,E,Q
P96	DRB1	DRB1*10:01	Q	E	1	4	Y,H,E,Q
P96	DRB1	DRB1*11:04	H	E	1	4	Y,H,E,Q
P96	DRB1	DRB1*13:03	H	E	1	4	Y,H,E,Q
P96	DRB1	DRB1*13:01	H	E	1	4	Y,H,E,Q
P96	DRB1	DRB1*15:02	Q	E	1	4	Y,H,E,Q
P96	DRB1	DRB1*16:02	Q	E	1	4	Y,H,E,Q
P96	DRB1	DRB1*04:01	Y	E	1	4	Y,H,E,Q
P96	DRB1	DRB1*09:01	H	E	1	4	Y,H,E,Q
P96	DRB1	DRB1*08:01	H	E	1	4	Y,H,E,Q
P96	DRB1	DRB1*13:05	H	E	1	4	Y,H,E,Q
P96	DRB1	DRB1*03:01	H	E	1	4	Y,H,E,Q
P96	DRB1	DRB1*08:04	H	E	1	4	Y,H,E,Q
P96	DRB1	DRB1*16:01	Q	E	1	4	Y,H,E,Q
P96	DRB1	DRB1*13:02	H	E	1	4	Y,H,E,Q
P96	DRB1	DRB1*07:01	H	E	1	4	Y,H,E,Q
P96	DRB1	DRB1*15:01	Q	E	1	4	Y,H,E,Q
P96	DRB1	DRB1*04:07	Y	E	1	4	Y,H,E,Q
P96	DRB1	DRB1*08:03	H	E	1	4	Y,H,E,Q
P96	DRB1	DRB1*08:02	H	E	1	4	Y,H,E,Q
P96	DRB1	DRB1*01:02	E	E	0	4	Y,H,E,Q
P96	DRB1	DRB1*04:02	Y	E	1	4	Y,H,E,Q
P96	DRB1	DRB1*01:03	E	E	0	4	Y,H,E,Q
P96	DRB1	DRB1*04:08	Y	E	1	4	Y,H,E,Q
P96	DRB1	DRB1*15:03	Q	E	1	4	Y,H,E,Q
P96	DRB1	DRB1*14:54	H	E	1	4	Y,H,E,Q
P96	DRB1	DRB1*14:07	H	E	1	4	Y,H,E,Q
P96	DRB1	DRB1*14:02	H	E	1	4	Y,H,E,Q
P96	DRB1	DRB1*11:03	H	E	1	4	Y,H,E,Q
P96	DRB1	DRB1*14:04	H	E	1	4	Y,H,E,Q
